customer_id,first_name,last_name,email,city,country_name,address_status
1,Ursola,Purdy,upurdy0@cdbaby.com,Manonjaya,Indonesia,Active
1,Ursola,Purdy,upurdy0@cdbaby.com,Lazaro Cardenas,Mexico,Active
2,Ruthanne,Vatini,rvatini1@fema.gov,Tanbuqiao,China,Active
3,Reidar,Turbitt,rturbitt2@geocities.jp,Tambopata,Peru,Active
4,Rich,Kirsz,rkirsz3@jalbum.net,Águia Branca,Brazil,Active
4,Rich,Kirsz,rkirsz3@jalbum.net,Luopu,China,Active
5,Carline,Kupis,ckupis4@tamu.edu,Radostowice,Poland,Active
5,Carline,Kupis,ckupis4@tamu.edu,Karibib,Namibia,Active
6,Kandy,Adamec,kadamec5@weather.com,Wilmington,United States of America,Active
7,Jermain,Giraudeau,jgiraudeau6@elpais.com,Miragoâne,Haiti,Inactive
7,Jermain,Giraudeau,jgiraudeau6@elpais.com,Konggar,China,Active
8,Nolly,Bonicelli,nbonicelli7@examiner.com,Stavanger,Norway,Active
9,Phebe,Curdell,pcurdell8@usa.gov,Heping,China,Active
9,Phebe,Curdell,pcurdell8@usa.gov,Zhangjiang,China,Active
10,Euell,Guilder,eguilder9@themeforest.net,Dapitan,Philippines,Active
11,Teriann,Marritt,tmarritta@va.gov,Bakung,Philippines,Inactive
11,Teriann,Marritt,tmarritta@va.gov,Gucheng,China,Active
11,Teriann,Marritt,tmarritta@va.gov,Lianshan,China,Active
12,Filmer,Douse,fdouseb@foxnews.com,Blimbing,Indonesia,Active
13,Daisey,Lamball,dlamballc@skyrock.com,Bayanbulag,Mongolia,Active
13,Daisey,Lamball,dlamballc@skyrock.com,Borne Sulinowo,Poland,Active
14,Gusella,Quogan,gquogand@whitehouse.gov,Filimonovo,Russia,Active
15,Lonnie,Cambden,lcambdene@gmpg.org,Oussivo,Comoros,Active
16,Debbi,Huyghe,dhuyghef@dot.gov,New Glasgow,Canada,Active
17,Ignace,Fursey,ifurseyg@hatena.ne.jp,Banana Village,Kiribati,Active
18,Andrei,Jefferson,ajeffersonh@live.com,Huntington,United States of America,Active
18,Andrei,Jefferson,ajeffersonh@live.com,Tādif,Syria,Active
19,Sanford,Gillbe,sgillbei@telegraph.co.uk,Maralik,Armenia,Inactive
19,Sanford,Gillbe,sgillbei@telegraph.co.uk,Jaunpils,Latvia,Active
20,Kali,Sedgebeer,ksedgebeerj@bbc.co.uk,Kveda Chkhorots’q’u,Georgia,Active
21,Krishnah,Traite,ktraitek@state.gov,Sedandang,Indonesia,Active
21,Krishnah,Traite,ktraitek@state.gov,Västerås,Sweden,Active
22,Alley,Selbie,aselbiel@moonfruit.com,Eloúnda,Greece,Active
22,Alley,Selbie,aselbiel@moonfruit.com,Valenciennes,France,Active
22,Alley,Selbie,aselbiel@moonfruit.com,La Reforma,Mexico,Active
23,Gilligan,Betteson,gbettesonm@paypal.com,Lidingö,Sweden,Active
23,Gilligan,Betteson,gbettesonm@paypal.com,Melaka,Malaysia,Active
24,Raul,Pentelow,rpentelown@zimbio.com,Bebedouro,Brazil,Active
25,Garrek,Emnoney,gemnoneyo@nyu.edu,Fanyang,China,Active
25,Garrek,Emnoney,gemnoneyo@nyu.edu,Ichupampa,Peru,Active
26,Mathilde,Kleanthous,mkleanthousp@tamu.edu,Selasari,Indonesia,Active
26,Mathilde,Kleanthous,mkleanthousp@tamu.edu,Balabagan,Philippines,Active
27,Dacy,Mabe,dmabeq@cloudflare.com,Nanton,Canada,Inactive
27,Dacy,Mabe,dmabeq@cloudflare.com,Shali,Russia,Active
28,Rob,Handes,rhandesr@arstechnica.com,Mekarsari,Indonesia,Active
29,Rafaello,Boniface,rbonifaces@marriott.com,Xiahong,China,Active
30,Matthiew,Donizeau,mdonizeaut@rakuten.co.jp,Naivasha,Kenya,Active
30,Matthiew,Donizeau,mdonizeaut@rakuten.co.jp,Spasskoye-Lutovinovo,Russia,Active
30,Matthiew,Donizeau,mdonizeaut@rakuten.co.jp,Amieira do Tejo,Portugal,Active
31,Tripp,Halsworth,thalsworthu@usa.gov,Banjar Batanpoh,Indonesia,Active
32,Noby,Burtenshaw,nburtenshawv@soundcloud.com,Stavanger,Norway,Active
33,Penny,Bovingdon,pbovingdonw@msn.com,Esparza,Costa Rica,Active
33,Penny,Bovingdon,pbovingdonw@msn.com,Yanggu,South Korea,Active
33,Penny,Bovingdon,pbovingdonw@msn.com,Młynary,Poland,Inactive
34,Peadar,Preator,ppreatorx@jiathis.com,Szombathely,Hungary,Active
34,Peadar,Preator,ppreatorx@jiathis.com,Cibeureum,Indonesia,Active
35,Fee,Sancraft,fsancrafty@wikimedia.org,Wakimachi,Japan,Inactive
35,Fee,Sancraft,fsancrafty@wikimedia.org,Serednye Vodyane,Ukraine,Active
36,Ronny,Heathfield,rheathfieldz@youku.com,Huangyang,China,Active
36,Ronny,Heathfield,rheathfieldz@youku.com,Wakimachi,Japan,Active
37,Travus,Skirven,tskirven10@google.com,Ngunguru,New Zealand,Active
37,Travus,Skirven,tskirven10@google.com,Taibao,Taiwan,Active
38,Bailie,Curle,bcurle11@printfriendly.com,Metz,France,Active
39,Ulrica,Fakes,ufakes12@army.mil,Lakeland,United States of America,Active
40,Natty,Bencher,nbencher13@hatena.ne.jp,Tianjiazhai,China,Active
41,Gertrude,Choak,gchoak14@skype.com,Seleuš,Serbia,Active
42,Anna-diana,Tilburn,atilburn15@simplemachines.org,Orita Eruwa,Nigeria,Active
43,La verne,Figg,lfigg16@blogspot.com,Paipa,Colombia,Active
43,La verne,Figg,lfigg16@blogspot.com,Chongxing,China,Active
44,Nicolina,Scorthorne,nscorthorne17@dagondesign.com,Oguma,Nigeria,Active
45,Zora,Hurles,zhurles18@csmonitor.com,Ylämaa,Finland,Inactive
45,Zora,Hurles,zhurles18@csmonitor.com,Rameshki,Russia,Active
45,Zora,Hurles,zhurles18@csmonitor.com,Dapitan,Philippines,Active
46,Hilary,Todeo,htodeo19@upenn.edu,Nong Khai,Thailand,Active
47,Cissy,Hylands,chylands1a@reuters.com,Casal Galego,Portugal,Active
47,Cissy,Hylands,chylands1a@reuters.com,Qinggis Han,China,Active
48,Stephi,Egre,segre1b@usda.gov,Pataha,Indonesia,Active
49,Lynda,Roseborough,lroseborough1c@mtv.com,Zagórze,Poland,Active
49,Lynda,Roseborough,lroseborough1c@mtv.com,Sungaikakap,Indonesia,Active
50,Melisse,Shailer,mshailer1d@blogtalkradio.com,Ngaruawahia,New Zealand,Active
51,Ignacius,Ivanisov,iivanisov1e@devhub.com,Campos,Brazil,Active
52,Levy,Thacker,lthacker1f@hc360.com,Chengkou,China,Active
52,Levy,Thacker,lthacker1f@hc360.com,Miches,Dominican Republic,Active
53,Garold,Kobisch,gkobisch1g@cdc.gov,Woto,Indonesia,Inactive
53,Garold,Kobisch,gkobisch1g@cdc.gov,Mŭynoq,Uzbekistan,Active
54,Verene,Pettyfer,vpettyfer1h@e-recht24.de,Alivéri,Greece,Active
54,Verene,Pettyfer,vpettyfer1h@e-recht24.de,Baohe,China,Active
54,Verene,Pettyfer,vpettyfer1h@e-recht24.de,Dallas,United States of America,Inactive
55,Sianna,Piris,spiris1i@hao123.com,Saihan Tal,China,Active
55,Sianna,Piris,spiris1i@hao123.com,Limbi,Comoros,Active
56,Billi,Hughland,bhughland1j@usatoday.com,Esparza,Costa Rica,Active
56,Billi,Hughland,bhughland1j@usatoday.com,A Yun Pa,Vietnam,Active
57,Doyle,Shimwell,dshimwell1k@ox.ac.uk,Bajia,China,Active
57,Doyle,Shimwell,dshimwell1k@ox.ac.uk,Cimenga,Indonesia,Active
58,Jeni,Swarbrigg,jswarbrigg1l@ustream.tv,Shaydon,Tajikistan,Active
58,Jeni,Swarbrigg,jswarbrigg1l@ustream.tv,Buracan,Philippines,Inactive
59,Emylee,Hubbert,ehubbert1m@themeforest.net,Suç,Albania,Active
60,Kincaid,De Avenell,kdeavenell1n@wikia.com,Al Burayqah,Libya,Active
60,Kincaid,De Avenell,kdeavenell1n@wikia.com,Altona,Canada,Inactive
60,Kincaid,De Avenell,kdeavenell1n@wikia.com,Port Saint Lucie,United States of America,Inactive
60,Kincaid,De Avenell,kdeavenell1n@wikia.com,Ploso Wetan,Indonesia,Active
61,Joly,Oldred,joldred1o@who.int,Bulls,New Zealand,Active
62,Heywood,Hearty,hhearty1p@whitehouse.gov,Baiyin,China,Active
63,Margette,Cawdell,mcawdell1q@wikispaces.com,Suchań,Poland,Active
64,Zia,Roizin,zroizin1r@cnbc.com,Hebu,China,Active
64,Zia,Roizin,zroizin1r@cnbc.com,Baohe,China,Active
65,Noelle,Duke,nduke1s@printfriendly.com,Malie,Samoa,Active
65,Noelle,Duke,nduke1s@printfriendly.com,Puerto Rico,Colombia,Active
66,Carlene,Robbings,crobbings1t@gov.uk,Welibo,Indonesia,Active
67,Arlene,Ebanks,aebanks1u@issuu.com,Melbourne,United States of America,Inactive
67,Arlene,Ebanks,aebanks1u@issuu.com,Banquero,Philippines,Active
67,Arlene,Ebanks,aebanks1u@issuu.com,Vista Alegre,Portugal,Active
68,Renado,Sherrington,rsherrington1v@symantec.com,Karara,Indonesia,Active
68,Renado,Sherrington,rsherrington1v@symantec.com,Rasony,Belarus,Active
69,Verney,Fabri,vfabri1w@usnews.com,Troparëvo,Russia,Active
70,Antonella,Scotchbourouge,ascotchbourouge1x@npr.org,Boje,Nigeria,Active
71,Corinne,Chimienti,cchimienti1y@weather.com,Heshui,China,Active
72,Gustavo,Sidnall,gsidnall1z@prlog.org,Waina,China,Active
73,Ruthi,McGeever,rmcgeever20@sakura.ne.jp,Xuedian,China,Active
73,Ruthi,McGeever,rmcgeever20@sakura.ne.jp,Debark’,Ethiopia,Active
74,Ozzie,Petters,opetters21@rediff.com,Bongandanga,Democratic Republic of the Congo,Active
74,Ozzie,Petters,opetters21@rediff.com,Montfavet,France,Active
74,Ozzie,Petters,opetters21@rediff.com,Smolensk,Russia,Inactive
75,Enrichetta,Morrill,emorrill22@irs.gov,Старо Нагоричане,Macedonia,Active
75,Enrichetta,Morrill,emorrill22@irs.gov,Pejukutan,Indonesia,Active
75,Enrichetta,Morrill,emorrill22@irs.gov,Yoichi,Japan,Active
76,Randall,Gilcrist,rgilcrist23@jiathis.com,Sudzha,Russia,Active
77,Bernhard,Medgwick,bmedgwick24@e-recht24.de,Tramandaí,Brazil,Active
78,Lotte,Gillcrist,lgillcrist25@cocolog-nifty.com,Taguisa,Philippines,Inactive
78,Lotte,Gillcrist,lgillcrist25@cocolog-nifty.com,Baikouquan,China,Active
78,Lotte,Gillcrist,lgillcrist25@cocolog-nifty.com,Jaboatão,Brazil,Active
78,Lotte,Gillcrist,lgillcrist25@cocolog-nifty.com,Fanzeres,Portugal,Inactive
79,Lyn,Abethell,labethell26@unblog.fr,Bauchi,Nigeria,Active
79,Lyn,Abethell,labethell26@unblog.fr,Balakasap,Indonesia,Inactive
79,Lyn,Abethell,labethell26@unblog.fr,Tungipāra,Bangladesh,Active
80,Travus,Sheraton,tsheraton27@elpais.com,Cai Doi Vam,Vietnam,Active
81,Moss,Zarb,mzarb28@ucoz.com,Rennes,France,Active
82,Giselle,Betton,gbetton29@1und1.de,Trostyanets’,Ukraine,Active
83,Berti,Gowlett,bgowlett2a@pagesperso-orange.fr,Metz,France,Active
83,Berti,Gowlett,bgowlett2a@pagesperso-orange.fr,Huddinge,Sweden,Active
84,Gabriellia,Eastway,geastway2b@yellowpages.com,Lakeland,United States of America,Active
84,Gabriellia,Eastway,geastway2b@yellowpages.com,Pinheiro,Portugal,Active
85,York,Londsdale,ylondsdale2c@liveinternet.ru,Şaḩneh,Iran,Active
86,Amitie,Filasov,afilasov2d@ftc.gov,San Francisco,Mexico,Active
86,Amitie,Filasov,afilasov2d@ftc.gov,Wąbrzeźno,Poland,Active
87,Tricia,Saull,tsaull2e@gnu.org,Vermoim,Portugal,Active
87,Tricia,Saull,tsaull2e@gnu.org,Geneng Tengah,Indonesia,Inactive
88,Marcelia,Goering,mgoering2f@prlog.org,Mucuri,Brazil,Active
88,Marcelia,Goering,mgoering2f@prlog.org,Smínthi,Greece,Active
89,Bennie,Mepsted,bmepsted2g@g.co,Vesëlyy,Russia,Active
89,Bennie,Mepsted,bmepsted2g@g.co,Sabon Gari-Nangere,Nigeria,Active
90,Lucas,Wyldbore,lwyldbore2h@github.io,Helixi,China,Active
90,Lucas,Wyldbore,lwyldbore2h@github.io,Thạnh Phú,Vietnam,Active
91,Rozanna,Artin,rartin2i@topsy.com,Narok,Kenya,Active
92,Gustav,Mulgrew,gmulgrew2j@hexun.com,Geneng Tengah,Indonesia,Active
93,Frannie,Battisson,fbattisson2k@shinystat.com,Creighton,South Africa,Active
93,Frannie,Battisson,fbattisson2k@shinystat.com,Jirjā,Egypt,Inactive
94,Leanor,Ortler,lortler2l@wikimedia.org,Tianjiazhai,China,Active
95,Ardra,Tripony,atripony2m@chron.com,Kuala Lumpur,Malaysia,Active
95,Ardra,Tripony,atripony2m@chron.com,Jiujiang,China,Inactive
96,Lannie,Michurin,lmichurin2n@163.com,Moshenskoye,Russia,Active
96,Lannie,Michurin,lmichurin2n@163.com,Uppsala,Sweden,Active
97,Noellyn,Sanderson,nsanderson2o@webnode.com,Waiwejak,Indonesia,Active
98,Coretta,Dublin,cdublin2p@time.com,Goya,Argentina,Inactive
98,Coretta,Dublin,cdublin2p@time.com,A Yun Pa,Vietnam,Active
98,Coretta,Dublin,cdublin2p@time.com,Dallas,United States of America,Active
99,Lianne,Gorry,lgorry2q@chronoengine.com,Jaunpils,Latvia,Active
99,Lianne,Gorry,lgorry2q@chronoengine.com,Seleuš,Serbia,Active
100,Dud,Pusill,dpusill2r@digg.com,Manonjaya,Indonesia,Active
100,Dud,Pusill,dpusill2r@digg.com,Altan Emel,China,Active
101,Nicolette,Sadler,nsadler2s@salon.com,Tulsa,United States of America,Active
102,Didi,Bette,dbette2t@skype.com,Bojongsari,Indonesia,Active
102,Didi,Bette,dbette2t@skype.com,Murillo,Colombia,Active
103,Cinda,Abrahim,cabrahim2u@washingtonpost.com,Старо Нагоричане,Macedonia,Active
103,Cinda,Abrahim,cabrahim2u@washingtonpost.com,Shimen,China,Active
104,Ann,Biggar,abiggar2v@gmpg.org,Banturkrajan,Indonesia,Active
105,Carly,Whiskerd,cwhiskerd2w@google.it,Fristad,Sweden,Active
105,Carly,Whiskerd,cwhiskerd2w@google.it,Goya,Argentina,Active
105,Carly,Whiskerd,cwhiskerd2w@google.it,Zavolzh’ye,Russia,Inactive
106,Farrel,Eckels,feckels2x@hatena.ne.jp,Vapnyarka,Ukraine,Active
106,Farrel,Eckels,feckels2x@hatena.ne.jp,A Yun Pa,Vietnam,Active
107,Estelle,Alton,ealton2y@vimeo.com,Tojeira,Portugal,Inactive
107,Estelle,Alton,ealton2y@vimeo.com,Chengguan,China,Active
108,Orv,Strover,ostrover2z@yelp.com,Alivéri,Greece,Active
109,Hermon,Dymoke,hdymoke30@123-reg.co.uk,Tangjia,China,Active
110,Olympie,Roylance,oroylance31@abc.net.au,Ubaté,Colombia,Active
111,Olympe,Dovinson,odovinson32@last.fm,Karavan,Kyrgyzstan,Active
111,Olympe,Dovinson,odovinson32@last.fm,Windsor,Canada,Active
112,Rodd,Diplock,rdiplock33@arstechnica.com,Huddinge,Sweden,Active
113,Calypso,Sorbie,csorbie34@xing.com,Doāba,Pakistan,Active
113,Calypso,Sorbie,csorbie34@xing.com,Thị Trấn Việt Quang,Vietnam,Active
114,Aurelie,MacSherry,amacsherry35@is.gd,London,United Kingdom,Active
115,Zebulen,Haggar,zhaggar36@mozilla.org,Waiwejak,Indonesia,Active
116,Shae,Leser,sleser37@forbes.com,Xiaolong,China,Active
116,Shae,Leser,sleser37@forbes.com,Údlice,Czech Republic,Active
117,Johnette,Entwistle,jentwistle38@reverbnation.com,Talok,Indonesia,Active
118,Jocelyn,Budding,jbudding39@google.nl,Bratislava,Slovakia,Active
119,Andree,Luscott,aluscott3a@symantec.com,Oakville,Canada,Active
120,Monro,Deniset,mdeniset3b@mail.ru,Guazacapán,Guatemala,Active
121,Isidora,De Gogay,idegogay3c@merriam-webster.com,Huangzhu,China,Active
121,Isidora,De Gogay,idegogay3c@merriam-webster.com,Springfield,United States of America,Active
122,Reagen,Lavrinov,rlavrinov3d@webeden.co.uk,Las Flores,Mexico,Active
123,Francine,Sier,fsier3e@ihg.com,Sukaraharja,Indonesia,Active
124,Modesta,Gullefant,mgullefant3f@businessinsider.com,Bhawāna,Pakistan,Active
125,Thaddeus,Kivelle,tkivelle3g@plala.or.jp,Chincha Baja,Peru,Active
126,Otha,Putton,oputton3h@digg.com,Āsmār,Afghanistan,Active
127,Forster,Syddall,fsyddall3i@google.es,Majingklak,Indonesia,Active
127,Forster,Syddall,fsyddall3i@google.es,Molde,Norway,Active
128,Leonard,Ethersey,lethersey3j@oracle.com,Non Suwan,Thailand,Active
129,Gordan,Toft,gtoft3k@about.com,Dallas,United States of America,Active
129,Gordan,Toft,gtoft3k@about.com,Chengguan,China,Active
130,Franciskus,Minchinden,fminchinden3l@ycombinator.com,Goiana,Brazil,Inactive
130,Franciskus,Minchinden,fminchinden3l@ycombinator.com,Tutul,Indonesia,Inactive
130,Franciskus,Minchinden,fminchinden3l@ycombinator.com,Shuikou,China,Active
130,Franciskus,Minchinden,fminchinden3l@ycombinator.com,Uppsala,Sweden,Active
131,Olga,Allcott,oallcott3m@fda.gov,Palotina,Brazil,Inactive
131,Olga,Allcott,oallcott3m@fda.gov,Kabarnet,Kenya,Active
131,Olga,Allcott,oallcott3m@fda.gov,Rasony,Belarus,Active
131,Olga,Allcott,oallcott3m@fda.gov,Kuala Lumpur,Malaysia,Inactive
132,Artie,Coltan,acoltan3n@usatoday.com,Ciervo Petiso,Argentina,Active
133,Letizia,Febvre,lfebvre3o@fema.gov,Yevlakh,Azerbaijan,Active
133,Letizia,Febvre,lfebvre3o@fema.gov,Xiaolong,China,Active
133,Letizia,Febvre,lfebvre3o@fema.gov,Klinan,Philippines,Active
134,Helyn,Carrol,hcarrol3p@adobe.com,Lynn,United States of America,Active
135,Mick,Sever,msever3q@statcounter.com,Las Cruces,United States of America,Active
135,Mick,Sever,msever3q@statcounter.com,Cileles,Indonesia,Active
136,Emerson,Crosi,ecrosi3r@lulu.com,Gościeradów,Poland,Active
136,Emerson,Crosi,ecrosi3r@lulu.com,Altıağac,Azerbaijan,Inactive
136,Emerson,Crosi,ecrosi3r@lulu.com,Fenggang,China,Active
137,Pierrette,Diess,pdiess3s@mozilla.org,Al ‘Āliyah,Tunisia,Active
138,Leela,Jeffry,ljeffry3t@patch.com,Tianzhuang,China,Active
139,Marlo,Jeannin,mjeannin3u@lulu.com,Cimenga,Indonesia,Active
139,Marlo,Jeannin,mjeannin3u@lulu.com,San Ramon,Philippines,Active
139,Marlo,Jeannin,mjeannin3u@lulu.com,Pérama,Greece,Inactive
140,Sylvester,Eaton,seaton3v@mozilla.org,Troparëvo,Russia,Active
141,Tracey,Abel,tabel3w@storify.com,Heret,Indonesia,Active
142,Minny,Gilleon,mgilleon3x@discovery.com,Göteborg,Sweden,Active
142,Minny,Gilleon,mgilleon3x@discovery.com,Nantian,China,Active
143,Stacy,Curson,scurson3y@alexa.com,Ogwashi-Uku,Nigeria,Active
144,Nickolai,Domenget,ndomenget3z@businessweek.com,Sukaraharja,Indonesia,Active
144,Nickolai,Domenget,ndomenget3z@businessweek.com,Palmerston North,New Zealand,Inactive
145,Leroy,Warlawe,lwarlawe40@cafepress.com,Kuala Terengganu,Malaysia,Active
145,Leroy,Warlawe,lwarlawe40@cafepress.com,Tabonok,Philippines,Active
146,Reece,Cleaveland,rcleaveland41@cbsnews.com,Tangjia,China,Active
147,Andre,Brocklehurst,abrocklehurst42@wordpress.org,Rudka,Poland,Active
147,Andre,Brocklehurst,abrocklehurst42@wordpress.org,Kaskinen,Finland,Active
148,Farand,Tremmil,ftremmil43@telegraph.co.uk,Changting,China,Active
148,Farand,Tremmil,ftremmil43@telegraph.co.uk,Changxingbao,China,Active
149,Richard,Itzkovici,ritzkovici44@cargocollective.com,Lorut,Armenia,Active
150,Dyann,Kertess,dkertess45@mysql.com,Moshenskoye,Russia,Active
150,Dyann,Kertess,dkertess45@mysql.com,Fenjie,China,Active
151,Camille,Wethers,cwethers46@washington.edu,Selasari,Indonesia,Active
152,Franky,Duchart,fduchart47@issuu.com,Waina,China,Active
152,Franky,Duchart,fduchart47@issuu.com,Panggunguni,Indonesia,Active
152,Franky,Duchart,fduchart47@issuu.com,Sukaraja,Indonesia,Inactive
153,Cully,Diggin,cdiggin48@fastcompany.com,Newark,United States of America,Active
154,Dedra,Ogus,dogus49@tiny.cc,Dawei,Myanmar,Active
154,Dedra,Ogus,dogus49@tiny.cc,Máncora,Peru,Active
155,Alysa,Crombleholme,acrombleholme4a@cisco.com,Ica,Peru,Active
156,Jammal,Abelovitz,jabelovitz4b@reverbnation.com,Iłowa,Poland,Active
157,Javier,Cretney,jcretney4c@ameblo.jp,Krasnapollye,Belarus,Active
158,Rozamond,Farrell,rfarrell4d@harvard.edu,Sukaraharja,Indonesia,Inactive
158,Rozamond,Farrell,rfarrell4d@harvard.edu,Hitiaa,French Polynesia,Active
159,Worden,Trengove,wtrengove4e@people.com.cn,Aranyaprathet,Thailand,Active
160,Jonis,Loseby,jloseby4f@google.it,Caldas,Colombia,Active
160,Jonis,Loseby,jloseby4f@google.it,Hebu,China,Active
160,Jonis,Loseby,jloseby4f@google.it,Rudka,Poland,Inactive
161,Addie,Basterfield,abasterfield4g@rakuten.co.jp,Assiniboia,Canada,Active
161,Addie,Basterfield,abasterfield4g@rakuten.co.jp,Kaputian,Philippines,Active
162,Avictor,Salsbury,asalsbury4h@linkedin.com,Saihan Tal,China,Active
163,Ardra,Moogan,amoogan4i@salon.com,Rendian,China,Active
163,Ardra,Moogan,amoogan4i@salon.com,Mardakyany,Azerbaijan,Active
163,Ardra,Moogan,amoogan4i@salon.com,Čoka,Serbia,Active
164,Hayyim,Benham,hbenham4j@prweb.com,Ihuari,Peru,Active
165,Sigfried,Davoren,sdavoren4k@google.com.hk,Thị Trấn Phù Yên,Vietnam,Active
166,Myles,Salasar,msalasar4l@dion.ne.jp,Petropavlovskaya,Russia,Active
167,Hervey,Erik,herik4m@zimbio.com,Bohutín,Czech Republic,Active
168,Lynsey,McPeice,lmcpeice4n@technorati.com,Krasnokamensk,Russia,Active
168,Lynsey,McPeice,lmcpeice4n@technorati.com,Langchuan,China,Active
169,Roberto,Swiggs,rswiggs4o@imdb.com,Mikhaylovsk,Russia,Active
169,Roberto,Swiggs,rswiggs4o@imdb.com,Tangkolo,Indonesia,Active
170,Ronnie,Thaim,rthaim4p@arstechnica.com,Geoktschai,Azerbaijan,Active
170,Ronnie,Thaim,rthaim4p@arstechnica.com,Nueve de Julio,Argentina,Active
171,Lucie,Bartlam,lbartlam4q@cyberchimps.com,Geoktschai,Azerbaijan,Active
172,Gabi,Turle,gturle4r@pcworld.com,Thạnh Phú,Vietnam,Active
172,Gabi,Turle,gturle4r@pcworld.com,Janaúba,Brazil,Inactive
173,Pepillo,Cattrall,pcattrall4s@vimeo.com,Águas de Lindóia,Brazil,Active
173,Pepillo,Cattrall,pcattrall4s@vimeo.com,Savski Venac,Serbia,Active
174,Zachery,Hriinchenko,zhriinchenko4t@ocn.ne.jp,Banquero,Philippines,Active
175,Trevor,Muffitt,tmuffitt4u@exblog.jp,Casal das Figueiras,Portugal,Active
175,Trevor,Muffitt,tmuffitt4u@exblog.jp,Sotíra,Cyprus,Active
176,Erena,Glede,eglede4v@reuters.com,Carazinho,Brazil,Active
177,Guillemette,Strothers,gstrothers4w@hexun.com,Sedandang,Indonesia,Active
178,Barr,Safe,bsafe4x@tamu.edu,Golmud,China,Inactive
178,Barr,Safe,bsafe4x@tamu.edu,Kombapari,Indonesia,Active
179,Carver,Haugen,chaugen4y@list-manage.com,Mucuri,Brazil,Inactive
179,Carver,Haugen,chaugen4y@list-manage.com,Rasony,Belarus,Active
180,Shay,Flaverty,sflaverty4z@ow.ly,Nanfeng,China,Active
181,Faber,Cline,fcline50@toplist.cz,Bongandanga,Democratic Republic of the Congo,Active
181,Faber,Cline,fcline50@toplist.cz,Ulaan Khat,Mongolia,Active
182,Randal,Grise,rgrise51@g.co,Thap Than,Thailand,Active
182,Randal,Grise,rgrise51@g.co,Cimenga,Indonesia,Active
182,Randal,Grise,rgrise51@g.co,Banana Village,Kiribati,Inactive
183,Urbanus,Renfield,urenfield52@aboutads.info,Manay,Philippines,Active
184,Ruttger,Royce,rroyce53@google.es,Mesa,United States of America,Active
184,Ruttger,Royce,rroyce53@google.es,Bohutín,Czech Republic,Active
185,Cad,Tomas,ctomas54@typepad.com,Yingtan,China,Active
185,Cad,Tomas,ctomas54@typepad.com,Solntsevo,Russia,Active
186,Constance,Raeburn,craeburn55@loc.gov,La Unión,Peru,Active
187,Miner,McLay,mmclay56@plala.or.jp,Serednye Vodyane,Ukraine,Inactive
187,Miner,McLay,mmclay56@plala.or.jp,Klinan,Philippines,Active
188,Jonell,Cescon,jcescon57@arizona.edu,Buracan,Philippines,Active
189,Yance,Hartwright,yhartwright58@surveymonkey.com,Ust’-Labinsk,Russia,Active
190,Lyndy,Redmond,lredmond59@yandex.ru,Paradahan,Philippines,Active
190,Lyndy,Redmond,lredmond59@yandex.ru,Trongsa,Bhutan,Active
191,Esmeralda,Swinfen,eswinfen5a@ovh.net,Heyan,China,Active
192,Abraham,Skudder,askudder5b@sitemeter.com,Proptisht,Albania,Active
192,Abraham,Skudder,askudder5b@sitemeter.com,Tais,Indonesia,Inactive
192,Abraham,Skudder,askudder5b@sitemeter.com,Qingkenpao,China,Active
193,Jodie,Fenge,jfenge5c@elpais.com,Xingnong,China,Active
194,Dorelia,Chilley,dchilley5d@sun.com,Uruguaiana,Brazil,Active
194,Dorelia,Chilley,dchilley5d@sun.com,Shaghat,Armenia,Active
194,Dorelia,Chilley,dchilley5d@sun.com,Jaboatão,Brazil,Inactive
195,Edward,Kenealy,ekenealy5e@mysql.com,Tlogotunggal,Indonesia,Active
196,Dusty,Merrikin,dmerrikin5f@ft.com,Olonets,Russia,Active
196,Dusty,Merrikin,dmerrikin5f@ft.com,Horgo,Mongolia,Active
197,Koralle,Ricarde,kricarde5g@cdc.gov,Bato,Philippines,Active
198,Lynette,Davidofski,ldavidofski5h@nbcnews.com,Imulolong,Indonesia,Inactive
198,Lynette,Davidofski,ldavidofski5h@nbcnews.com,Le Mans,France,Active
199,Bjorn,McCloud,bmccloud5i@aboutads.info,Masape,Indonesia,Active
199,Bjorn,McCloud,bmccloud5i@aboutads.info,Smolensk,Russia,Active
200,Benedict,Kehir,bkehir5j@4shared.com,Rossosh’,Russia,Active
201,Sherline,Sivell,ssivell5k@weibo.com,Lansing,United States of America,Active
202,Dolf,Theurer,dtheurer5l@fda.gov,Toliara,Madagascar,Active
202,Dolf,Theurer,dtheurer5l@fda.gov,Petrijevci,Croatia,Active
202,Dolf,Theurer,dtheurer5l@fda.gov,Pniv,Ukraine,Active
202,Dolf,Theurer,dtheurer5l@fda.gov,Kawaguchi,Japan,Inactive
203,Dud,Full,dfull5m@privacy.gov.au,Sosnovka,Russia,Active
204,Birgit,Shreeve,bshreeve5n@seesaa.net,Ban Phaeo,Thailand,Active
204,Birgit,Shreeve,bshreeve5n@seesaa.net,Kouzhen,China,Active
205,Seth,Druhan,sdruhan5o@goo.gl,Bandar ‘Abbās,Iran,Active
206,Tine,Bastow,tbastow5p@omniture.com,Penambangan,Indonesia,Active
207,Emory,Bagniuk,ebagniuk5q@freewebs.com,Tianzhuang,China,Inactive
207,Emory,Bagniuk,ebagniuk5q@freewebs.com,Rossosh’,Russia,Active
208,Ivory,Perillo,iperillo5r@dagondesign.com,Balakasap,Indonesia,Active
209,Anthe,Erdes,aerdes5s@nydailynews.com,Valcheta,Argentina,Active
210,Letisha,Bielby,lbielby5t@mtv.com,Tegalgede,Indonesia,Active
210,Letisha,Bielby,lbielby5t@mtv.com,Makin Village,Kiribati,Inactive
210,Letisha,Bielby,lbielby5t@mtv.com,Planaltina,Brazil,Active
211,Desiri,MacDunleavy,dmacdunleavy5u@behance.net,Paterson,United States of America,Inactive
211,Desiri,MacDunleavy,dmacdunleavy5u@behance.net,Lynn,United States of America,Active
212,Hi,Goodredge,hgoodredge5v@ovh.net,Las Cruces,United States of America,Active
213,Hayden,Andrew,handrew5w@lulu.com,Yandev,Nigeria,Active
213,Hayden,Andrew,handrew5w@lulu.com,Västerås,Sweden,Active
214,Sal,Colloby,scolloby5x@123-reg.co.uk,Vahdat,Tajikistan,Active
215,Kathi,Rheam,krheam5y@wikimedia.org,Taluksangay,Philippines,Active
215,Kathi,Rheam,krheam5y@wikimedia.org,Guodu,China,Inactive
216,Waiter,Ridel,wridel5z@taobao.com,Majingklak,Indonesia,Active
217,Rustin,Cadden,rcadden60@goo.ne.jp,Yandev,Nigeria,Active
218,Abbot,Tesseyman,atesseyman61@hc360.com,Saihan Tal,China,Active
219,Tami,Gyer,tgyer62@wikipedia.org,Bhawāna,Pakistan,Active
220,Worthington,Maxstead,wmaxstead63@ft.com,Kárystos,Greece,Active
220,Worthington,Maxstead,wmaxstead63@ft.com,Afántou,Greece,Active
221,Parker,Strangman,pstrangman64@barnesandnoble.com,Kranggan,Indonesia,Active
222,Catrina,Shortan,cshortan65@sciencedirect.com,Tumpukrenteng,Indonesia,Active
223,Mahalia,Full,mfull66@amazonaws.com,Wujing,China,Active
223,Mahalia,Full,mfull66@amazonaws.com,Fram,Paraguay,Inactive
224,Merle,Genders,mgenders67@prlog.org,Miaotang,China,Active
225,Cecily,Norley,cnorley68@chicagotribune.com,Oguma,Nigeria,Active
225,Cecily,Norley,cnorley68@chicagotribune.com,Cigalontang,Indonesia,Active
226,Reynard,Tordoff,rtordoff69@springer.com,Molde,Norway,Active
226,Reynard,Tordoff,rtordoff69@springer.com,Casal Galego,Portugal,Active
227,Greta,Wharby,gwharby6a@nyu.edu,Suresnes,France,Active
228,Padriac,Karolyi,pkarolyi6b@mtv.com,Holoubkov,Czech Republic,Active
229,Carrie,Arran,carran6c@dion.ne.jp,Alivéri,Greece,Active
230,Marlane,Graveson,mgraveson6d@slate.com,Liangshan,China,Active
231,Pavla,Marzello,pmarzello6e@oracle.com,Radostowice,Poland,Active
231,Pavla,Marzello,pmarzello6e@oracle.com,Kaminokawa,Japan,Active
232,Marti,Cassely,mcassely6f@japanpost.jp,Jianyangping,China,Active
233,Blake,Carson,bcarson6g@microsoft.com,Debesy,Russia,Active
233,Blake,Carson,bcarson6g@microsoft.com,Pau,France,Active
234,Murray,Senussi,msenussi6h@shareasale.com,Silao,China,Active
235,Tarrah,Chiechio,tchiechio6i@microsoft.com,San Roque,Philippines,Active
236,Kaspar,Scanlon,kscanlon6j@tinyurl.com,Karara,Indonesia,Active
236,Kaspar,Scanlon,kscanlon6j@tinyurl.com,Fažana,Croatia,Active
237,Eachelle,Adamec,eadamec6k@reverbnation.com,Boevange-sur-Attert,Luxembourg,Active
237,Eachelle,Adamec,eadamec6k@reverbnation.com,San José Poaquil,Guatemala,Active
238,Cathrine,Soda,csoda6l@unc.edu,Sukaraharja,Indonesia,Active
238,Cathrine,Soda,csoda6l@unc.edu,Beigou,China,Active
239,Stavros,Murney,smurney6m@marketwatch.com,Aroeira,Portugal,Active
239,Stavros,Murney,smurney6m@marketwatch.com,Kokoshkino,Russia,Active
240,Fletch,Canfield,fcanfield6n@bigcartel.com,Ylämaa,Finland,Active
241,Francis,Cutmore,fcutmore6o@domainmarket.com,Mintian,China,Active
241,Francis,Cutmore,fcutmore6o@domainmarket.com,Salamanca,Spain,Active
242,Valerye,Marrable,vmarrable6p@archive.org,Arroyo Naranjo,Cuba,Active
243,Steffen,Brunstan,sbrunstan6q@topsy.com,Fenjie,China,Active
244,Melany,Viscovi,mviscovi6r@ed.gov,Barcarena,Brazil,Active
245,Kaela,Isaq,kisaq6s@wiley.com,Cunliji,China,Inactive
245,Kaela,Isaq,kisaq6s@wiley.com,San Ricardo,Philippines,Active
245,Kaela,Isaq,kisaq6s@wiley.com,Le Mans,France,Active
246,Alli,Puttergill,aputtergill6t@xing.com,Taguisa,Philippines,Active
246,Alli,Puttergill,aputtergill6t@xing.com,Mairinque,Brazil,Active
247,Morris,Morales,mmorales6u@zdnet.com,San Silvestre,Venezuela,Active
247,Morris,Morales,mmorales6u@zdnet.com,Weitian,China,Active
248,Edyth,Revie,erevie6v@liveinternet.ru,Bosen,Indonesia,Active
249,Van,Glayzer,vglayzer6w@list-manage.com,Silao,China,Active
250,Fabio,Hawksley,fhawksley6x@mozilla.org,Almenara,Brazil,Active
251,Chrissy,Notton,cnotton6y@sbwire.com,Castelo de Vide,Portugal,Active
252,Dorothee,Service,dservice6z@sciencedirect.com,San Silvestre,Venezuela,Active
253,Licha,Broadwell,lbroadwell70@craigslist.org,Lubniewice,Poland,Active
254,Bobette,Lewendon,blewendon71@mac.com,Caetité,Brazil,Active
255,Nolan,More,nmore72@census.gov,Wenping,China,Active
256,Sidnee,Thurby,sthurby73@goodreads.com,Blama,Sierra Leone,Active
256,Sidnee,Thurby,sthurby73@goodreads.com,Welibo,Indonesia,Active
256,Sidnee,Thurby,sthurby73@goodreads.com,Savski Venac,Serbia,Active
257,Artemas,Frankiewicz,afrankiewicz74@google.co.jp,Al ‘Āliyah,Tunisia,Active
257,Artemas,Frankiewicz,afrankiewicz74@google.co.jp,Nantian,China,Active
258,Lothaire,Wake,lwake75@webeden.co.uk,Huangqiao,China,Active
259,Robby,Hadye,rhadye76@wikipedia.org,Āsmār,Afghanistan,Active
259,Robby,Hadye,rhadye76@wikipedia.org,Boavista,Portugal,Inactive
260,Carina,Brotherhood,cbrotherhood77@zimbio.com,Dongshan,China,Active
260,Carina,Brotherhood,cbrotherhood77@zimbio.com,Huddinge,Sweden,Inactive
261,Walton,Kindall,wkindall78@mayoclinic.com,Cunliji,China,Active
261,Walton,Kindall,wkindall78@mayoclinic.com,Smiřice,Czech Republic,Active
262,Beverie,Tapson,btapson79@earthlink.net,Blimbing,Indonesia,Active
262,Beverie,Tapson,btapson79@earthlink.net,Le Mans,France,Active
262,Beverie,Tapson,btapson79@earthlink.net,Dapitan,Philippines,Inactive
263,Adeline,Sellner,asellner7a@yelp.com,Nahrīn,Afghanistan,Active
263,Adeline,Sellner,asellner7a@yelp.com,Taibao,Taiwan,Active
263,Adeline,Sellner,asellner7a@yelp.com,Dzaoudzi,France,Active
264,Leese,Birtwhistle,lbirtwhistle7b@si.edu,Holoubkov,Czech Republic,Active
264,Leese,Birtwhistle,lbirtwhistle7b@si.edu,Bakung,Philippines,Active
264,Leese,Birtwhistle,lbirtwhistle7b@si.edu,Sosnovka,Russia,Inactive
265,Fania,Jeanesson,fjeanesson7c@walmart.com,Wenping,China,Active
266,Nadean,Birtwhistle,nbirtwhistle7d@blogger.com,Paterson,United States of America,Active
267,Derrek,Kops,dkops7e@toplist.cz,Minsk,Belarus,Active
267,Derrek,Kops,dkops7e@toplist.cz,Valcheta,Argentina,Active
268,Ty,Strutton,tstrutton7f@qq.com,Villa Nueva,Guatemala,Active
269,Tab,Block,tblock7g@mit.edu,Wenping,China,Active
270,Merry,Coenraets,mcoenraets7h@utexas.edu,Komsomol’sk,Russia,Active
270,Merry,Coenraets,mcoenraets7h@utexas.edu,Kalembutillu,Indonesia,Active
270,Merry,Coenraets,mcoenraets7h@utexas.edu,Baikouquan,China,Inactive
270,Merry,Coenraets,mcoenraets7h@utexas.edu,Altıağac,Azerbaijan,Active
270,Merry,Coenraets,mcoenraets7h@utexas.edu,Sarmanovo,Russia,Inactive
271,Shayna,Farbrother,sfarbrother7i@dailymotion.com,Mesquite,United States of America,Active
271,Shayna,Farbrother,sfarbrother7i@dailymotion.com,Frederico Westphalen,Brazil,Active
272,Alaster,Lemmers,alemmers7j@cornell.edu,Santa Maria,Mexico,Active
272,Alaster,Lemmers,alemmers7j@cornell.edu,Atamanovka,Russia,Active
273,Malchy,Drissell,mdrissell7k@umich.edu,Bajia,China,Active
273,Malchy,Drissell,mdrissell7k@umich.edu,West Hartford,United States of America,Inactive
273,Malchy,Drissell,mdrissell7k@umich.edu,Krasnokamensk,Russia,Active
274,Mortimer,Hauch,mhauch7l@wordpress.com,Mŭynoq,Uzbekistan,Active
275,Jeremiah,De Lascy,jdelascy7m@home.pl,Novo Hamburgo,Brazil,Active
276,Gaylor,Polack,gpolack7n@nydailynews.com,Paris 08,France,Active
277,Joelie,Menhci,jmenhci7o@livejournal.com,Pagaden,Indonesia,Active
277,Joelie,Menhci,jmenhci7o@livejournal.com,Zagoryanskiy,Russia,Inactive
278,Gonzalo,Perch,gperch7p@vinaora.com,Campo de la Cruz,Colombia,Active
278,Gonzalo,Perch,gperch7p@vinaora.com,Krikil,Indonesia,Active
279,Ardeen,Greenstreet,agreenstreet7q@accuweather.com,Kawaguchi,Japan,Active
279,Ardeen,Greenstreet,agreenstreet7q@accuweather.com,Lucan,Ireland,Active
279,Ardeen,Greenstreet,agreenstreet7q@accuweather.com,Trongsa,Bhutan,Active
280,Isahella,Flinn,iflinn7r@lycos.com,Tshikapa,Democratic Republic of the Congo,Active
280,Isahella,Flinn,iflinn7r@lycos.com,Doong,Philippines,Active
280,Isahella,Flinn,iflinn7r@lycos.com,Dongtuan,China,Active
281,Bobette,Domerq,bdomerq7s@behance.net,Zator,Poland,Active
282,Andie,Henniger,ahenniger7t@de.vu,Bucay,Philippines,Active
282,Andie,Henniger,ahenniger7t@de.vu,Fenjie,China,Active
283,Morly,Albone,malbone7u@imdb.com,Bełsznica,Poland,Active
284,Jamill,Brimson,jbrimson7v@jugem.jp,Shangping,China,Active
285,Aube,Prator,aprator7w@unicef.org,Kumla,Sweden,Active
286,Shamus,Weavill,sweavill7x@acquirethisname.com,Hongxing,China,Active
286,Shamus,Weavill,sweavill7x@acquirethisname.com,Kungsör,Sweden,Active
287,Hillery,Hallifax,hhallifax7y@google.pl,Caldas,Colombia,Active
287,Hillery,Hallifax,hhallifax7y@google.pl,Villeneuve-la-Garenne,France,Active
287,Hillery,Hallifax,hhallifax7y@google.pl,Telhado,Portugal,Active
288,Peirce,Strainge,pstrainge7z@vk.com,Egbe,Nigeria,Active
288,Peirce,Strainge,pstrainge7z@vk.com,Dallas,United States of America,Active
289,Rutter,Corp,rcorp80@wikispaces.com,Xiangshi,China,Active
289,Rutter,Corp,rcorp80@wikispaces.com,Ihuari,Peru,Active
290,Denna,Orwin,dorwin81@xing.com,Tocota,Peru,Active
291,Carter,Dannell,cdannell82@booking.com,Lazaro Cardenas,Mexico,Active
292,Redd,Foyston,rfoyston83@zimbio.com,Bauchi,Nigeria,Active
293,Jenna,Zettler,jzettler84@webs.com,Motuo,China,Inactive
293,Jenna,Zettler,jzettler84@webs.com,Helixi,China,Active
293,Jenna,Zettler,jzettler84@webs.com,Muli,China,Active
294,Cristina,Lewty,clewty85@cornell.edu,Maralik,Armenia,Active
294,Cristina,Lewty,clewty85@cornell.edu,Barakani,Comoros,Active
294,Cristina,Lewty,clewty85@cornell.edu,Ulme,Portugal,Active
295,Morley,Jiras,mjiras86@blogspot.com,Tshikapa,Democratic Republic of the Congo,Active
295,Morley,Jiras,mjiras86@blogspot.com,Casal das Figueiras,Portugal,Active
296,Sosanna,Hubane,shubane87@csmonitor.com,Guangshan,China,Active
297,Bili,Stanyforth,bstanyforth88@hubpages.com,Tetandara,Indonesia,Active
298,Rafaelia,Mitroshinov,rmitroshinov89@1688.com,Killorglin,Ireland,Active
299,Yvonne,Maccree,ymaccree8a@mac.com,Huangli,China,Active
300,Fernande,L'Episcopio,flepiscopio8b@smugmug.com,Järfälla,Sweden,Active
301,Mignon,Ranger,mranger8c@accuweather.com,Egbe,Nigeria,Active
301,Mignon,Ranger,mranger8c@accuweather.com,Yanglin,China,Active
302,Delmore,Tamplin,dtamplin8d@ibm.com,Belozërsk,Russia,Active
302,Delmore,Tamplin,dtamplin8d@ibm.com,Dallas,United States of America,Active
302,Delmore,Tamplin,dtamplin8d@ibm.com,Anaráchi,Greece,Inactive
303,Burke,Strute,bstrute8e@utexas.edu,Laliki,Poland,Active
304,Leone,Utterson,lutterson8f@umn.edu,Dubréka,Guinea,Active
304,Leone,Utterson,lutterson8f@umn.edu,Ichupampa,Peru,Inactive
305,Osmund,Fattore,ofattore8g@taobao.com,Sumurwaru,Indonesia,Active
306,Vladamir,Ellerey,vellerey8h@upenn.edu,Minsk,Belarus,Inactive
306,Vladamir,Ellerey,vellerey8h@upenn.edu,Limbi,Comoros,Active
306,Vladamir,Ellerey,vellerey8h@upenn.edu,Comrat,Moldova,Active
307,Corabella,Whittam,cwhittam8i@reddit.com,Lianshan,China,Inactive
307,Corabella,Whittam,cwhittam8i@reddit.com,Polovinnoye,Russia,Active
307,Corabella,Whittam,cwhittam8i@reddit.com,Bečej,Serbia,Active
308,Letti,Duligall,lduligall8j@photobucket.com,Västerås,Sweden,Active
309,Lonni,Janus,ljanus8k@icq.com,Lipie,Poland,Active
309,Lonni,Janus,ljanus8k@icq.com,Tartu,Estonia,Inactive
309,Lonni,Janus,ljanus8k@icq.com,Oussivo,Comoros,Active
310,Neddie,Buy,nbuy8l@bravesites.com,Welibo,Indonesia,Active
311,Ansell,Johnson,ajohnson8m@creativecommons.org,Fristad,Sweden,Active
311,Ansell,Johnson,ajohnson8m@creativecommons.org,Noginsk,Russia,Active
312,Arda,Wanderschek,awanderschek8n@wordpress.org,Ḩājī Khēl,Afghanistan,Inactive
312,Arda,Wanderschek,awanderschek8n@wordpress.org,Coxim,Brazil,Active
313,Herc,Matthewson,hmatthewson8o@google.ca,Altıağac,Azerbaijan,Active
314,Gallard,Whanstall,gwhanstall8p@nba.com,Tambopata,Peru,Active
314,Gallard,Whanstall,gwhanstall8p@nba.com,Masaki-chō,Japan,Active
314,Gallard,Whanstall,gwhanstall8p@nba.com,Dukuh,Indonesia,Active
315,Isak,Geipel,igeipel8q@hud.gov,Taluksangay,Philippines,Active
315,Isak,Geipel,igeipel8q@hud.gov,He’an,China,Active
316,Shelton,Leyfield,sleyfield8r@nps.gov,Novo,Portugal,Active
317,Stesha,McAlees,smcalees8s@wikispaces.com,Goiana,Brazil,Active
318,Lonee,Bellefant,lbellefant8t@blogs.com,Vapnyarka,Ukraine,Inactive
318,Lonee,Bellefant,lbellefant8t@blogs.com,Tumpukrenteng,Indonesia,Active
319,Win,McManamon,wmcmanamon8u@ovh.net,Caeté,Brazil,Active
320,Hubey,Bagshawe,hbagshawe8v@ted.com,Baluk,Indonesia,Active
321,Stephine,Madsen,smadsen8w@seesaa.net,Almenara,Brazil,Active
322,Reid,Hattrick,rhattrick8x@theglobeandmail.com,Ulaan Khat,Mongolia,Active
322,Reid,Hattrick,rhattrick8x@theglobeandmail.com,Jagiełła,Poland,Inactive
323,Chicky,Tumini,ctumini8y@moonfruit.com,Avesta,Sweden,Active
324,Jemima,Hugonin,jhugonin8z@sohu.com,Oroin Xibe,China,Active
324,Jemima,Hugonin,jhugonin8z@sohu.com,Casal das Figueiras,Portugal,Active
325,Hamnet,Fogt,hfogt90@nps.gov,Mayisyan,Armenia,Active
326,Miguel,Fieldsend,mfieldsend91@cornell.edu,Huangli,China,Active
327,Oran,Pittet,opittet92@etsy.com,Lubniewice,Poland,Active
328,Aguistin,Trounce,atrounce93@hibu.com,Yoichi,Japan,Active
329,Noreen,Baumert,nbaumert94@4shared.com,Timashëvsk,Russia,Active
329,Noreen,Baumert,nbaumert94@4shared.com,Caeté,Brazil,Inactive
329,Noreen,Baumert,nbaumert94@4shared.com,Rumilly,France,Active
330,Jacquelyn,Thewlis,jthewlis95@nydailynews.com,Berlin,Germany,Active
330,Jacquelyn,Thewlis,jthewlis95@nydailynews.com,Comrat,Moldova,Active
331,Eb,Sydenham,esydenham96@domainmarket.com,Goiana,Brazil,Inactive
331,Eb,Sydenham,esydenham96@domainmarket.com,Pinheiro,Portugal,Active
331,Eb,Sydenham,esydenham96@domainmarket.com,Huddinge,Sweden,Active
332,Ralph,Mobley,rmobley97@w3.org,Orita Eruwa,Nigeria,Active
333,Blancha,Facer,bfacer98@live.com,Tsaghkahovit,Armenia,Active
333,Blancha,Facer,bfacer98@live.com,Údlice,Czech Republic,Active
334,Mariya,Taber,mtaber99@mayoclinic.com,Banjar Batanpoh,Indonesia,Active
335,Margaretha,Praundl,mpraundl9a@fastcompany.com,Gościeradów,Poland,Active
336,Brina,Postill,bpostill9b@fda.gov,Balud,Philippines,Active
337,Chiquita,Ede,cede9c@alibaba.com,Baih,Indonesia,Active
338,Thorstein,Roskelly,troskelly9d@macromedia.com,Xiahong,China,Active
338,Thorstein,Roskelly,troskelly9d@macromedia.com,Miches,Dominican Republic,Active
339,Dahlia,Pagelsen,dpagelsen9e@fema.gov,Ban Phaeo,Thailand,Active
340,Nani,Long,nlong9f@hexun.com,Aricapampa,Peru,Active
340,Nani,Long,nlong9f@hexun.com,Campos,Brazil,Active
341,Velma,Fleetham,vfleetham9g@networksolutions.com,Liwu,China,Active
341,Velma,Fleetham,vfleetham9g@networksolutions.com,Luojiang,China,Active
342,Harris,Filpi,hfilpi9h@theguardian.com,Bakung,Philippines,Active
342,Harris,Filpi,hfilpi9h@theguardian.com,Vapnyarka,Ukraine,Active
342,Harris,Filpi,hfilpi9h@theguardian.com,Mabayo,Philippines,Inactive
343,Fawn,Bythway,fbythway9i@rambler.ru,Motuo,China,Active
344,Mariette,Tulley,mtulley9j@yahoo.co.jp,Cayambe,Ecuador,Active
344,Mariette,Tulley,mtulley9j@yahoo.co.jp,Feni,Bangladesh,Active
345,Jeniece,Delves,jdelves9k@bandcamp.com,Toulouse,France,Active
346,Benjie,Cardnell,bcardnell9l@nba.com,Sambirata,Indonesia,Active
346,Benjie,Cardnell,bcardnell9l@nba.com,Cabaritan East,Philippines,Active
347,Ephrem,Mc Ilwrick,emcilwrick9m@wikimedia.org,Tongliao,China,Active
348,Odessa,Reece,oreece9n@networkadvertising.org,Shimabara,Japan,Inactive
348,Odessa,Reece,oreece9n@networkadvertising.org,Toliara,Madagascar,Active
348,Odessa,Reece,oreece9n@networkadvertising.org,Sedandang,Indonesia,Active
349,Kaitlyn,Basill,kbasill9o@webeden.co.uk,La Reforma,Mexico,Active
350,Aron,Buxsey,abuxsey9p@wunderground.com,Thị Trấn Yên Phú,Vietnam,Active
351,Rodina,Poleye,rpoleye9q@sourceforge.net,Gaomi,China,Active
352,Rocky,Rockall,rrockall9r@pen.io,Caetité,Brazil,Active
353,Lorita,Underdown,lunderdown9s@newsvine.com,Sumaré,Brazil,Active
353,Lorita,Underdown,lunderdown9s@newsvine.com,Linqu,China,Active
354,Cornie,Frary,cfrary9t@artisteer.com,Kaélé,Cameroon,Active
354,Cornie,Frary,cfrary9t@artisteer.com,Kárystos,Greece,Active
355,Cly,Pethrick,cpethrick9u@issuu.com,Lysice,Czech Republic,Active
355,Cly,Pethrick,cpethrick9u@issuu.com,Panikian,Philippines,Inactive
356,Boothe,Chalmers,bchalmers9v@skyrock.com,Sumberejo,Indonesia,Active
356,Boothe,Chalmers,bchalmers9v@skyrock.com,Mardakyany,Azerbaijan,Active
357,Jon,Del Castello,jdelcastello9w@gravatar.com,Quesada,Costa Rica,Active
358,Harri,Syers,hsyers9x@theglobeandmail.com,Montfavet,France,Active
358,Harri,Syers,hsyers9x@theglobeandmail.com,Tungipāra,Bangladesh,Active
359,Anderea,Maylott,amaylott9y@theatlantic.com,Avesta,Sweden,Active
360,Dulci,Portman,dportman9z@phoca.cz,Serednye Vodyane,Ukraine,Active
360,Dulci,Portman,dportman9z@phoca.cz,Trostyanets’,Ukraine,Inactive
360,Dulci,Portman,dportman9z@phoca.cz,Muli,China,Inactive
360,Dulci,Portman,dportman9z@phoca.cz,Novogurovskiy,Russia,Active
361,Lucilia,Partleton,lpartletona0@auda.org.au,San Rafael Abajo,Costa Rica,Active
362,Alta,Dundredge,adundredgea1@cnet.com,Sumberbatas,Indonesia,Active
363,Talbert,Vedenyakin,tvedenyakina2@privacy.gov.au,Ngulangan,Indonesia,Active
363,Talbert,Vedenyakin,tvedenyakina2@privacy.gov.au,Gaomi,China,Active
364,Melvyn,Iwanicki,miwanickia3@hatena.ne.jp,Ditang,China,Active
365,Lucy,Jacklin,ljacklina4@earthlink.net,Wuhu,China,Active
366,Giulia,Borrowman,gborrowmana5@github.com,Monte Novo,Portugal,Active
367,Charlton,Brimner,cbrimnera6@digg.com,Krikil,Indonesia,Active
368,Nevil,Tavinor,ntavinora7@blogspot.com,Kárystos,Greece,Inactive
368,Nevil,Tavinor,ntavinora7@blogspot.com,Englewood,United States of America,Active
369,Arvy,Jobbing,ajobbinga8@alibaba.com,Kaélé,Cameroon,Active
369,Arvy,Jobbing,ajobbinga8@alibaba.com,Smínthi,Greece,Active
370,Fayette,Dillway,fdillwaya9@about.com,Aleysk,Russia,Active
371,Rozella,Gwilt,rgwiltaa@ed.gov,Chadian,China,Active
372,Rockwell,Ilyunin,rilyuninab@hubpages.com,Junchuan,China,Active
372,Rockwell,Ilyunin,rilyuninab@hubpages.com,Jubaoshan,China,Active
373,Malinda,Mapstone,mmapstoneac@livejournal.com,Zhongcun,China,Inactive
373,Malinda,Mapstone,mmapstoneac@livejournal.com,Smínthi,Greece,Active
374,Dixie,Devenish,ddevenishad@newyorker.com,Balakasap,Indonesia,Active
374,Dixie,Devenish,ddevenishad@newyorker.com,Tongole,Sierra Leone,Active
375,Barny,Shadwick,bshadwickae@nymag.com,Fanyang,China,Active
375,Barny,Shadwick,bshadwickae@nymag.com,Masaki-chō,Japan,Active
376,Bridgette,Sailer,bsaileraf@desdev.cn,Doāba,Pakistan,Active
376,Bridgette,Sailer,bsaileraf@desdev.cn,Helixi,China,Active
376,Bridgette,Sailer,bsaileraf@desdev.cn,San Felipe Old,Philippines,Active
377,Avram,Febre,afebreag@go.com,Banturkrajan,Indonesia,Active
377,Avram,Febre,afebreag@go.com,Shayuan,China,Active
378,Pattie,Blues,pbluesah@sakura.ne.jp,Tegalgede,Indonesia,Active
379,Roch,Columbine,rcolumbineai@dyndns.org,Nancheng,China,Active
380,Hyacinth,Medlicott,hmedlicottaj@a8.net,Yanglin,China,Active
380,Hyacinth,Medlicott,hmedlicottaj@a8.net,Fort Lauderdale,United States of America,Active
381,Hall,Jerome,hjeromeak@jalbum.net,Sambirata,Indonesia,Active
381,Hall,Jerome,hjeromeak@jalbum.net,Soa,Indonesia,Inactive
381,Hall,Jerome,hjeromeak@jalbum.net,Redon,France,Active
381,Hall,Jerome,hjeromeak@jalbum.net,Vangaindrano,Madagascar,Inactive
382,Adah,Cotty,acottyal@cbslocal.com,Hebu,China,Active
382,Adah,Cotty,acottyal@cbslocal.com,Ksour Essaf,Tunisia,Inactive
383,Mikkel,Youle,myouleam@infoseek.co.jp,Aroeira,Portugal,Active
384,Amalita,Digginson,adigginsonan@friendfeed.com,Spasskoye-Lutovinovo,Russia,Active
384,Amalita,Digginson,adigginsonan@friendfeed.com,Baton Rouge,United States of America,Active
385,Alanah,Abramovici,aabramoviciao@hp.com,Bajia,China,Active
385,Alanah,Abramovici,aabramoviciao@hp.com,Daszewice,Poland,Inactive
386,Vance,Schutter,vschutterap@blinklist.com,Botoh,Indonesia,Active
386,Vance,Schutter,vschutterap@blinklist.com,Rudka,Poland,Inactive
386,Vance,Schutter,vschutterap@blinklist.com,Quintã,Portugal,Active
387,Ashlee,Bourne,abourneaq@barnesandnoble.com,Fukou,China,Active
388,Jeramie,Leggis,jleggisar@google.es,Rumilly,France,Active
389,Sibley,Lobb,slobbas@cam.ac.uk,Goiana,Brazil,Active
389,Sibley,Lobb,slobbas@cam.ac.uk,Cawayan Bugtong,Philippines,Active
390,Emlyn,Stanney,estanneyat@hatena.ne.jp,Ozorków,Poland,Active
391,Felix,Gallardo,fgallardoau@telegraph.co.uk,Gaomi,China,Active
392,Maressa,Stolte,mstolteav@discovery.com,Sarmanovo,Russia,Active
393,Lindy,Espina,lespinaaw@4shared.com,Nowogard,Poland,Active
393,Lindy,Espina,lespinaaw@4shared.com,Lantian,China,Active
394,Pris,Colleymore,pcolleymoreax@google.it,Andir,Indonesia,Active
394,Pris,Colleymore,pcolleymoreax@google.it,Horokhiv,Ukraine,Active
395,Oates,Gosz,ogoszay@canalblog.com,Quesada,Costa Rica,Active
395,Oates,Gosz,ogoszay@canalblog.com,Nkoteng,Cameroon,Active
396,Shara,Cathro,scathroaz@hubpages.com,Cunliji,China,Active
397,Shandee,Jenicke,sjenickeb0@yellowpages.com,Poniatowa,Poland,Active
397,Shandee,Jenicke,sjenickeb0@yellowpages.com,Novonukutskiy,Russia,Active
398,Tommy,Badsworth,tbadsworthb1@thetimes.co.uk,Montfavet,France,Inactive
398,Tommy,Badsworth,tbadsworthb1@thetimes.co.uk,Nanpiao,China,Active
398,Tommy,Badsworth,tbadsworthb1@thetimes.co.uk,Ulme,Portugal,Active
399,Vince,Nesbit,vnesbitb2@shinystat.com,Sang-e Chārak,Afghanistan,Active
400,Mil,Lindley,mlindleyb3@cisco.com,Baohe,China,Active
401,Gil,Perfili,gperfilib4@apple.com,Fuli,China,Active
402,Charlean,Palphramand,cpalphramandb5@amazonaws.com,Krasnapollye,Belarus,Active
402,Charlean,Palphramand,cpalphramandb5@amazonaws.com,Laliki,Poland,Active
403,Westley,Gammie,wgammieb6@youtube.com,Fukou,China,Active
404,Georgette,Hurt,ghurtb7@answers.com,Naivasha,Kenya,Active
404,Georgette,Hurt,ghurtb7@answers.com,Meixian,China,Active
405,Bertrand,Attreed,battreedb8@phoca.cz,Manay,Philippines,Active
405,Bertrand,Attreed,battreedb8@phoca.cz,Kabarnet,Kenya,Active
406,Seline,Vasyutin,svasyutinb9@ucsd.edu,Al Quţayfah,Syria,Active
406,Seline,Vasyutin,svasyutinb9@ucsd.edu,Ciervo Petiso,Argentina,Inactive
407,Luella,Bernardino,lbernardinoba@constantcontact.com,Międzyrzecz,Poland,Active
407,Luella,Bernardino,lbernardinoba@constantcontact.com,Văn Giang,Vietnam,Inactive
408,Sher,Chaffin,schaffinbb@mail.ru,Xiahong,China,Active
408,Sher,Chaffin,schaffinbb@mail.ru,Makuyuni,Tanzania,Active
409,Onfroi,Oakenfield,ooakenfieldbc@uiuc.edu,Shangping,China,Active
409,Onfroi,Oakenfield,ooakenfieldbc@uiuc.edu,Houmt Souk,Tunisia,Active
409,Onfroi,Oakenfield,ooakenfieldbc@uiuc.edu,Thạnh Phú,Vietnam,Inactive
409,Onfroi,Oakenfield,ooakenfieldbc@uiuc.edu,Rameshki,Russia,Active
409,Onfroi,Oakenfield,ooakenfieldbc@uiuc.edu,Anaráchi,Greece,Active
410,Rriocard,McPhail,rmcphailbd@huffingtonpost.com,Mintian,China,Inactive
410,Rriocard,McPhail,rmcphailbd@huffingtonpost.com,A Yun Pa,Vietnam,Active
411,Maddy,Climar,mclimarbe@free.fr,Chingas,Peru,Active
412,Cynthy,Woolham,cwoolhambf@de.vu,Rendian,China,Active
413,Sigfried,Mansel,smanselbg@about.com,Nanxia,China,Active
414,Kerstin,Stormonth,kstormonthbh@chron.com,Kuala Baru,Indonesia,Active
414,Kerstin,Stormonth,kstormonthbh@chron.com,Bečej,Serbia,Active
415,Victoria,Moukes,vmoukesbi@comsenz.com,Non Suwan,Thailand,Active
416,Zaria,MacCafferky,zmaccafferkybj@trellian.com,Norberg,Sweden,Active
417,Devin,Iacoviello,diacoviellobk@zdnet.com,Pucangkrajan,Indonesia,Active
418,Elsey,Tresvina,etresvinabl@usatoday.com,Barretos,Brazil,Active
419,Glenine,Nare,gnarebm@wiley.com,San Francisco,Mexico,Active
419,Glenine,Nare,gnarebm@wiley.com,Hats’avan,Armenia,Inactive
419,Glenine,Nare,gnarebm@wiley.com,Barakani,Comoros,Active
419,Glenine,Nare,gnarebm@wiley.com,Besisahar,Nepal,Active
420,Cathrine,Nickell,cnickellbn@mtv.com,Mesquite,United States of America,Active
421,Heinrik,Sibylla,hsibyllabo@theatlantic.com,Majingklak,Indonesia,Active
421,Heinrik,Sibylla,hsibyllabo@theatlantic.com,Wang Nam Khiao,Thailand,Active
421,Heinrik,Sibylla,hsibyllabo@theatlantic.com,Las Terrenas,Dominican Republic,Inactive
422,Dian,Lesaunier,dlesaunierbp@foxnews.com,Secang Barat,Indonesia,Active
422,Dian,Lesaunier,dlesaunierbp@foxnews.com,San Antonio,Colombia,Active
423,Giorgia,Edler,gedlerbq@cmu.edu,Bojawa,Indonesia,Active
424,Pet,Roskruge,proskrugebr@java.com,Aroeira,Portugal,Active
425,Lorilee,Yesinov,lyesinovbs@whitehouse.gov,Vágia,Greece,Active
426,Mort,Zienkiewicz,mzienkiewiczbt@ihg.com,Mari,Indonesia,Active
426,Mort,Zienkiewicz,mzienkiewiczbt@ihg.com,Savski Venac,Serbia,Active
427,Britt,Legendre,blegendrebu@infoseek.co.jp,Seattle,United States of America,Active
428,Yance,Basini-Gazzi,ybasinigazzibv@aboutads.info,Kárystos,Greece,Active
429,Danit,Darbyshire,ddarbyshirebw@oaic.gov.au,Xingnong,China,Active
429,Danit,Darbyshire,ddarbyshirebw@oaic.gov.au,Monte Novo,Portugal,Inactive
429,Danit,Darbyshire,ddarbyshirebw@oaic.gov.au,Fenjie,China,Active
430,Adrian,Kunzelmann,akunzelmannbx@state.gov,Szczecin,Poland,Active
430,Adrian,Kunzelmann,akunzelmannbx@state.gov,Savyon,Israel,Active
431,Robert,Swedeland,rswedelandby@desdev.cn,Doropeti,Indonesia,Active
432,Mara,Georgievski,mgeorgievskibz@ebay.com,Tianchi,China,Active
432,Mara,Georgievski,mgeorgievskibz@ebay.com,Sosnovka,Russia,Active
433,Cleve,Wegener,cwegenerc0@xinhuanet.com,Qilin,China,Active
434,Anni,Maase,amaasec1@myspace.com,Nezvěstice,Czech Republic,Active
434,Anni,Maase,amaasec1@myspace.com,Savski Venac,Serbia,Active
435,Kent,Trippitt,ktrippittc2@1und1.de,Mancos,Peru,Active
435,Kent,Trippitt,ktrippittc2@1und1.de,Dalkey,Ireland,Active
436,Erma,Realy,erealyc3@facebook.com,Donskoye,Russia,Active
437,Sherline,Degli Antoni,sdegliantonic4@yellowbook.com,Bamban,Philippines,Active
437,Sherline,Degli Antoni,sdegliantonic4@yellowbook.com,Vahdat,Tajikistan,Inactive
437,Sherline,Degli Antoni,sdegliantonic4@yellowbook.com,Lazaro Cardenas,Mexico,Active
438,Rebekkah,Slipper,rslipperc5@weebly.com,Imulolong,Indonesia,Active
439,Inglis,Newberry,inewberryc6@wired.com,Yinji,China,Active
440,Dulci,Barme,dbarmec7@cam.ac.uk,Khawrah,Yemen,Active
441,Grissel,Ancliff,gancliffc8@ca.gov,Thạnh Phú,Vietnam,Active
442,Judas,Quillinane,jquillinanec9@friendfeed.com,Laliki,Poland,Active
442,Judas,Quillinane,jquillinanec9@friendfeed.com,Fažana,Croatia,Inactive
443,Ofella,Juzek,ojuzekca@artisteer.com,Qızılhacılı,Azerbaijan,Active
444,Angil,Savatier,asavatiercb@wsj.com,Pantenan,Indonesia,Active
444,Angil,Savatier,asavatiercb@wsj.com,Jianyangping,China,Active
445,Onfroi,Ottewell,oottewellcc@google.com.hk,Bucay,Philippines,Active
446,Ly,Breit,lbreitcd@baidu.com,Aoyang,China,Active
446,Ly,Breit,lbreitcd@baidu.com,Tumpukrenteng,Indonesia,Active
446,Ly,Breit,lbreitcd@baidu.com,Ngerengere,Tanzania,Active
446,Ly,Breit,lbreitcd@baidu.com,Gjilan,Kosovo,Inactive
446,Ly,Breit,lbreitcd@baidu.com,Wukou,China,Inactive
447,Morgan,Snaden,msnadence@paypal.com,Non Suwan,Thailand,Active
448,Judas,Ortell,jortellcf@usatoday.com,Proptisht,Albania,Active
449,Kathleen,Fenemore,kfenemorecg@wix.com,Ihuari,Peru,Active
450,Shir,Armytage,sarmytagech@chron.com,Chicago,United States of America,Active
451,Bethina,Cady,bcadyci@squarespace.com,Baoli,China,Active
451,Bethina,Cady,bcadyci@squarespace.com,Ngaruawahia,New Zealand,Active
452,Koenraad,Kingsnoad,kkingsnoadcj@who.int,Pandanrejokrajan,Indonesia,Active
452,Koenraad,Kingsnoad,kkingsnoadcj@who.int,Pagaden,Indonesia,Active
452,Koenraad,Kingsnoad,kkingsnoadcj@who.int,Tlogotunggal,Indonesia,Inactive
453,Morey,Bastone,mbastoneck@netlog.com,Narok,Kenya,Active
454,Cross,Laxton,claxtoncl@ucoz.com,Huangli,China,Active
455,Joycelin,Pagon,jpagoncm@is.gd,Lakeland,United States of America,Active
455,Joycelin,Pagon,jpagoncm@is.gd,Sungi Liput,Indonesia,Active
456,Hestia,Westhofer,hwesthofercn@reverbnation.com,Dalgān,Iran,Active
457,Keely,Robinson,krobinsonco@google.nl,Lantian,China,Active
458,Margareta,Rentalll,mrentalllcp@cam.ac.uk,Shaydon,Tajikistan,Active
458,Margareta,Rentalll,mrentalllcp@cam.ac.uk,Zhengdonglu,China,Inactive
458,Margareta,Rentalll,mrentalllcp@cam.ac.uk,Huagai,China,Active
459,Lebbie,Eskrigg,leskriggcq@cloudflare.com,Dhanot,Pakistan,Active
459,Lebbie,Eskrigg,leskriggcq@cloudflare.com,Tarkwa,Ghana,Inactive
459,Lebbie,Eskrigg,leskriggcq@cloudflare.com,Khallat ad Dār,Palestine,Active
460,Genna,Bontine,gbontinecr@shutterfly.com,Thị Trấn Việt Quang,Vietnam,Active
461,Crista,Wherton,cwhertoncs@wikia.com,Stari Lec,Serbia,Active
462,Grant,Righy,grighyct@ask.com,Bilhorod-Dnistrovs’kyy,Ukraine,Inactive
462,Grant,Righy,grighyct@ask.com,Puro,Philippines,Active
462,Grant,Righy,grighyct@ask.com,Santa Rosa,Peru,Active
463,Dorothy,Brizland,dbrizlandcu@blogger.com,Yongqin,China,Active
464,Randall,Leslie,rlesliecv@ebay.co.uk,Villa Bustos,Argentina,Active
465,Micky,Pontin,mpontincw@desdev.cn,Kveda Chkhorots’q’u,Georgia,Active
466,Nikki,Shearsby,nshearsbycx@yellowpages.com,Ifanes,Portugal,Active
466,Nikki,Shearsby,nshearsbycx@yellowpages.com,Čoka,Serbia,Active
467,Barnaby,Golagley,bgolagleycy@europa.eu,Luojiang,China,Active
468,Sargent,Inwood,sinwoodcz@odnoklassniki.ru,Langchuan,China,Active
469,Lammond,Boys,lboysd0@forbes.com,Villa Bustos,Argentina,Active
469,Lammond,Boys,lboysd0@forbes.com,Pakemitan,Indonesia,Active
470,Shirley,Elson,selsond1@google.fr,Ferraria,Portugal,Inactive
470,Shirley,Elson,selsond1@google.fr,Huagai,China,Active
471,Brenn,Corneljes,bcorneljesd2@technorati.com,Tangjia,China,Active
471,Brenn,Corneljes,bcorneljesd2@technorati.com,Basarabeasca,Moldova,Active
472,Hazlett,Colqueran,hcolquerand3@guardian.co.uk,Marcq-en-Barœul,France,Inactive
472,Hazlett,Colqueran,hcolquerand3@guardian.co.uk,Nanshe,China,Active
472,Hazlett,Colqueran,hcolquerand3@guardian.co.uk,Suchań,Poland,Active
473,Simona,Prahm,sprahmd4@joomla.org,Puerto Rico,Peru,Inactive
473,Simona,Prahm,sprahmd4@joomla.org,Weixin,China,Active
473,Simona,Prahm,sprahmd4@joomla.org,Miaotang,China,Inactive
473,Simona,Prahm,sprahmd4@joomla.org,Essen,Germany,Active
474,Leanor,Smither,lsmitherd5@ted.com,Belle-Anse,Haiti,Active
475,Elbertina,Holleworth,eholleworthd6@shareasale.com,Youwarou,Mali,Active
476,Reuben,Mayne,rmayned7@sciencedaily.com,Voiron,France,Active
477,Elwin,Frede,efreded8@wordpress.org,Campo de la Cruz,Colombia,Active
478,Ardelis,Trythall,atrythalld9@vk.com,Puan Selatan,Indonesia,Active
478,Ardelis,Trythall,atrythalld9@vk.com,Eskilstuna,Sweden,Active
478,Ardelis,Trythall,atrythalld9@vk.com,Huddinge,Sweden,Inactive
479,Amity,Dash,adashda@accuweather.com,Phong Điền,Vietnam,Active
479,Amity,Dash,adashda@accuweather.com,Villeneuve-d'Ascq,France,Active
480,Wendell,Bernhardsson,wbernhardssondb@uiuc.edu,Bibirevo,Russia,Active
481,Kaleb,MacClenan,kmacclenandc@ocn.ne.jp,Aleysk,Russia,Active
481,Kaleb,MacClenan,kmacclenandc@ocn.ne.jp,Whitchurch,United Kingdom,Active
482,Vernen,Newnham,vnewnhamdd@cmu.edu,Geoktschai,Azerbaijan,Active
482,Vernen,Newnham,vnewnhamdd@cmu.edu,Kaminokawa,Japan,Active
483,Antonie,Liebmann,aliebmannde@blogs.com,San Antonio,Colombia,Active
484,Welby,Reyes,wreyesdf@sciencedaily.com,Várzea Alegre,Brazil,Active
485,Jinny,Meader,jmeaderdg@examiner.com,Songying,China,Active
486,Becka,Scarlin,bscarlindh@phoca.cz,Kumla,Sweden,Active
487,Di,Draxford,ddraxforddi@noaa.gov,Lianshan,China,Active
487,Di,Draxford,ddraxforddi@noaa.gov,Zhenzhushan,China,Active
487,Di,Draxford,ddraxforddi@noaa.gov,Marmashen,Armenia,Active
488,Raquela,Gwilliam,rgwilliamdj@typepad.com,Qinggis Han,China,Active
489,Aurore,Lebarree,alebarreedk@xing.com,Paipa,Colombia,Active
489,Aurore,Lebarree,alebarreedk@xing.com,Molde,Norway,Active
489,Aurore,Lebarree,alebarreedk@xing.com,Pniv,Ukraine,Inactive
489,Aurore,Lebarree,alebarreedk@xing.com,Kedawung,Indonesia,Inactive
490,Jolyn,Padly,jpadlydl@biblegateway.com,Guodu,China,Active
490,Jolyn,Padly,jpadlydl@biblegateway.com,Xinhua,China,Inactive
490,Jolyn,Padly,jpadlydl@biblegateway.com,Dallas,United States of America,Active
491,Jayme,Benge,jbengedm@goodreads.com,Geoktschai,Azerbaijan,Active
492,Tirrell,Littler,tlittlerdn@etsy.com,Rudka,Poland,Active
493,Anastasia,Brilon,abrilondo@bing.com,Waiwejak,Indonesia,Active
494,Zia,Iacabucci,ziacabuccidp@sitemeter.com,Jati,Indonesia,Active
494,Zia,Iacabucci,ziacabuccidp@sitemeter.com,Alivéri,Greece,Active
495,Della,Mirrlees,dmirrleesdq@gov.uk,Taloqan,Afghanistan,Active
495,Della,Mirrlees,dmirrleesdq@gov.uk,Petropavlovskaya,Russia,Active
496,Hayden,Towriss,htowrissdr@columbia.edu,Lewoduli,Indonesia,Inactive
496,Hayden,Towriss,htowrissdr@columbia.edu,Ditang,China,Active
496,Hayden,Towriss,htowrissdr@columbia.edu,Jagiełła,Poland,Active
496,Hayden,Towriss,htowrissdr@columbia.edu,Zhenzhushan,China,Active
497,Ailina,Gladhill,agladhillds@pcworld.com,Kebonagung,Indonesia,Active
498,Loleta,Mitchall,lmitchalldt@creativecommons.org,Chongxing,China,Active
499,Herculie,Fruin,hfruindu@liveinternet.ru,Rasony,Belarus,Active
499,Herculie,Fruin,hfruindu@liveinternet.ru,Lagoa,Portugal,Active
500,Aurelia,MacGowan,amacgowandv@opera.com,Yoichi,Japan,Inactive
500,Aurelia,MacGowan,amacgowandv@opera.com,Nuits-Saint-Georges,France,Active
501,Salome,Elliman,sellimandw@1688.com,Dukuh,Indonesia,Active
502,Dodi,Gotobed,dgotobeddx@epa.gov,Doropeti,Indonesia,Active
503,Ricki,Woollons,rwoollonsdy@cisco.com,Huddinge,Sweden,Active
504,Trula,D'Arrigo,tdarrigodz@netvibes.com,Cornwall,Canada,Active
504,Trula,D'Arrigo,tdarrigodz@netvibes.com,Manonjaya,Indonesia,Active
504,Trula,D'Arrigo,tdarrigodz@netvibes.com,Bradenton,United States of America,Active
505,Jenilee,Ayliffe,jayliffee0@ycombinator.com,Assiniboia,Canada,Inactive
505,Jenilee,Ayliffe,jayliffee0@ycombinator.com,Tutul,Indonesia,Active
506,Torin,Brokenshaw,tbrokenshawe1@marketwatch.com,Timashëvsk,Russia,Inactive
506,Torin,Brokenshaw,tbrokenshawe1@marketwatch.com,Skopin,Russia,Active
506,Torin,Brokenshaw,tbrokenshawe1@marketwatch.com,Kalembutillu,Indonesia,Active
507,Lawrence,De Cristofalo,ldecristofaloe2@pen.io,Merdeka,Indonesia,Active
508,Vivie,Crabtree,vcrabtreee3@i2i.jp,Xiaochengzi,China,Active
508,Vivie,Crabtree,vcrabtreee3@i2i.jp,Zebrzydowice,Poland,Active
509,Isiahi,Kezourec,ikezourece4@mayoclinic.com,Torbat-e Jām,Iran,Active
509,Isiahi,Kezourec,ikezourece4@mayoclinic.com,San Roque,Philippines,Active
509,Isiahi,Kezourec,ikezourece4@mayoclinic.com,Pasararba,Indonesia,Active
510,Marya,Harradine,mharradinee5@altervista.org,Старо Нагоричане,Macedonia,Active
510,Marya,Harradine,mharradinee5@altervista.org,Carpina,Brazil,Active
511,Marcelle,Woolgar,mwoolgare6@shareasale.com,Kliteh,Indonesia,Active
511,Marcelle,Woolgar,mwoolgare6@shareasale.com,Ébolowa,Cameroon,Active
511,Marcelle,Woolgar,mwoolgare6@shareasale.com,Drawsko Pomorskie,Poland,Active
512,Rachele,Ingarfill,ringarfille7@ucoz.com,Puro,Philippines,Active
512,Rachele,Ingarfill,ringarfille7@ucoz.com,Grängesberg,Sweden,Active
513,Fallon,Cromwell,fcromwelle8@wordpress.com,Dongtucheng,China,Active
513,Fallon,Cromwell,fcromwelle8@wordpress.com,Kawaguchi,Japan,Active
514,Weston,Aulton,waultone9@acquirethisname.com,Lille,France,Active
514,Weston,Aulton,waultone9@acquirethisname.com,Jishan,China,Active
515,Ronda,Scoble,rscobleea@nasa.gov,Ipoh,Malaysia,Active
515,Ronda,Scoble,rscobleea@nasa.gov,Selasari,Indonesia,Inactive
515,Ronda,Scoble,rscobleea@nasa.gov,Kuala Lumpur,Malaysia,Active
516,Beniamino,Rillatt,brillatteb@blogspot.com,Altona,Canada,Active
516,Beniamino,Rillatt,brillatteb@blogspot.com,Mekarsari,Indonesia,Active
517,Jourdan,Lounds,jloundsec@nydailynews.com,Zbýšov,Czech Republic,Active
518,Durant,Thebe,dthebeed@loc.gov,Trstenik,Serbia,Inactive
518,Durant,Thebe,dthebeed@loc.gov,Murillo,Colombia,Active
519,Mona,Eckery,meckeryee@miitbeian.gov.cn,Xinhua,China,Active
519,Mona,Eckery,meckeryee@miitbeian.gov.cn,Kuala Terengganu,Malaysia,Active
520,Rad,Bernth,rbernthef@jugem.jp,Horgo,Mongolia,Active
521,Chevalier,Gowenlock,cgowenlockeg@hugedomains.com,Huagai,China,Active
521,Chevalier,Gowenlock,cgowenlockeg@hugedomains.com,Nueve de Julio,Argentina,Inactive
522,Ulrika,Rope,uropeeh@imgur.com,Kolondiéba,Mali,Active
523,Alida,Wapples,awapplesei@ox.ac.uk,Khawrah,Yemen,Active
524,Jarid,Mauchline,jmauchlineej@hp.com,Zavolzh’ye,Russia,Active
525,Cristi,Boustred,cboustredek@bing.com,Klatakan,Indonesia,Active
525,Cristi,Boustred,cboustredek@bing.com,Gucheng,China,Active
526,Keane,Adamoli,kadamoliel@prnewswire.com,Barretos,Brazil,Active
526,Keane,Adamoli,kadamoliel@prnewswire.com,Noginsk,Russia,Active
527,Hirsch,Pickworth,hpickworthem@shinystat.com,Oguma,Nigeria,Active
527,Hirsch,Pickworth,hpickworthem@shinystat.com,Gjilan,Kosovo,Active
528,Laurel,Brassington,lbrassingtonen@smh.com.au,Merdeka,Indonesia,Active
528,Laurel,Brassington,lbrassingtonen@smh.com.au,Sagbayan,Philippines,Active
529,Kienan,Fenkel,kfenkeleo@amazon.co.uk,Dzaoudzi,France,Inactive
529,Kienan,Fenkel,kfenkeleo@amazon.co.uk,Birigui,Brazil,Active
530,Leonanie,Nolleth,lnollethep@4shared.com,Izborsk,Russia,Active
531,Ailina,Arthur,aarthureq@reuters.com,Roissy Charles-de-Gaulle,France,Inactive
531,Ailina,Arthur,aarthureq@reuters.com,Jieshou,China,Active
531,Ailina,Arthur,aarthureq@reuters.com,Sukaraja,Indonesia,Active
532,Fran,Hourigan,fhouriganer@ning.com,Canguçu,Brazil,Active
532,Fran,Hourigan,fhouriganer@ning.com,Boje,Nigeria,Active
533,Stuart,Slyford,sslyfordes@ucoz.com,Santa Maria,Mexico,Active
533,Stuart,Slyford,sslyfordes@ucoz.com,Saurama,Peru,Active
534,Chastity,Cornewall,ccornewallet@dailymail.co.uk,Kliteh,Indonesia,Active
534,Chastity,Cornewall,ccornewallet@dailymail.co.uk,Ceranów,Poland,Inactive
535,Emelen,Duckworth,educkwortheu@moonfruit.com,Penambangan,Indonesia,Active
536,Crysta,Hibling,chiblingev@marketwatch.com,Schiltigheim,France,Active
537,Catina,Cromar,ccromarew@quantcast.com,Xiaochengzi,China,Active
537,Catina,Cromar,ccromarew@quantcast.com,Englewood,United States of America,Active
538,Dottie,Poyntz,dpoyntzex@europa.eu,Montbéliard,France,Inactive
538,Dottie,Poyntz,dpoyntzex@europa.eu,Shengli,China,Active
538,Dottie,Poyntz,dpoyntzex@europa.eu,Ozorków,Poland,Active
539,Jane,McCreath,jmccreathey@samsung.com,Nanpiao,China,Active
540,Tonya,Eitter,teitterez@google.com.br,Baiyin,China,Active
541,Vina,Parks,vparksf0@patch.com,San Ramon,Philippines,Active
541,Vina,Parks,vparksf0@patch.com,Sangallaya,Peru,Active
542,Lyndy,Newcom,lnewcomf1@topsy.com,Vahdat,Tajikistan,Active
542,Lyndy,Newcom,lnewcomf1@topsy.com,Laliki,Poland,Active
543,Tierney,Sturte,tsturtef2@army.mil,Milín,Czech Republic,Inactive
543,Tierney,Sturte,tsturtef2@army.mil,Xiaolong,China,Active
543,Tierney,Sturte,tsturtef2@army.mil,Karangbaru,Indonesia,Active
544,Winifield,Esh,weshf3@icio.us,Nkoteng,Cameroon,Active
545,Nowell,Handke,nhandkef4@cpanel.net,Inuotose,Japan,Inactive
545,Nowell,Handke,nhandkef4@cpanel.net,Yinji,China,Active
546,Danice,Matthiesen,dmatthiesenf5@i2i.jp,Trairi,Brazil,Active
546,Danice,Matthiesen,dmatthiesenf5@i2i.jp,Heqiao,China,Inactive
547,Fabe,Filintsev,ffilintsevf6@boston.com,Dongtuan,China,Active
548,Poppy,Curnucke,pcurnuckef7@go.com,Sung Noen,Thailand,Active
548,Poppy,Curnucke,pcurnuckef7@go.com,Quintã,Portugal,Active
549,Lorelle,Davidson,ldavidsonf8@admin.ch,Bajia,China,Active
550,Sean,Kringe,skringef9@alibaba.com,Naivasha,Kenya,Active
550,Sean,Kringe,skringef9@alibaba.com,Szczecin,Poland,Active
551,Deonne,Lowen,dlowenfa@freewebs.com,Goczałkowice Zdrój,Poland,Active
551,Deonne,Lowen,dlowenfa@freewebs.com,San Isidro,Argentina,Active
552,Elianora,Golder,egolderfb@google.ru,Dębe Wielkie,Poland,Active
552,Elianora,Golder,egolderfb@google.ru,Bobigny,France,Active
553,Meridel,Bradborne,mbradbornefc@dmoz.org,Tambopata,Peru,Active
553,Meridel,Bradborne,mbradbornefc@dmoz.org,Koroška Bela,Slovenia,Active
554,Jammie,Boosey,jbooseyfd@bbc.co.uk,Burirao,Philippines,Active
554,Jammie,Boosey,jbooseyfd@bbc.co.uk,Sidokumpul,Indonesia,Active
555,Patsy,Hicks,phicksfe@pinterest.com,Whitchurch,United Kingdom,Active
556,Genni,Livingstone,glivingstoneff@hp.com,Krasnyy Oktyabr’,Russia,Active
557,Meier,Allbones,mallbonesfg@sogou.com,Weitian,China,Active
558,Agnella,Massie,amassiefh@google.ca,Tangkilsari,Indonesia,Active
558,Agnella,Massie,amassiefh@google.ca,Seixo de Manhoses,Portugal,Active
558,Agnella,Massie,amassiefh@google.ca,Ulme,Portugal,Active
559,Cthrine,Spence,cspencefi@cnbc.com,Ogwashi-Uku,Nigeria,Active
559,Cthrine,Spence,cspencefi@cnbc.com,Huangli,China,Active
560,Donia,Jannings,djanningsfj@bizjournals.com,Biyan,Indonesia,Active
561,Tammie,Middle,tmiddlefk@acquirethisname.com,Cai Doi Vam,Vietnam,Active
562,Eddi,De Mattei,edematteifl@latimes.com,Oliveirinha,Portugal,Active
562,Eddi,De Mattei,edematteifl@latimes.com,Chongxing,China,Active
563,Monte,Birdall,mbirdallfm@businesswire.com,Zhongling,China,Active
563,Monte,Birdall,mbirdallfm@businesswire.com,Shuyuan,China,Active
564,Frayda,Glaze,fglazefn@prnewswire.com,Chalandrítsa,Greece,Active
564,Frayda,Glaze,fglazefn@prnewswire.com,Changxingbao,China,Active
565,Theo,Maureen,tmaureenfo@youku.com,Lianrao,China,Inactive
565,Theo,Maureen,tmaureenfo@youku.com,La Reforma,Mexico,Active
565,Theo,Maureen,tmaureenfo@youku.com,Văn Giang,Vietnam,Active
566,Kissie,Sneller,ksnellerfp@vk.com,Jianyangping,China,Active
567,Rivkah,Flott,rflottfq@amazon.de,Buracan,Philippines,Active
568,Raquel,Coleford,rcolefordfr@indiegogo.com,Kristianstad,Sweden,Active
569,Shirlene,Southward,ssouthwardfs@godaddy.com,Taluksangay,Philippines,Active
569,Shirlene,Southward,ssouthwardfs@godaddy.com,Tumpukrenteng,Indonesia,Active
570,Astrid,Moules,amoulesft@networkadvertising.org,Nakanojōmachi,Japan,Active
571,Freeman,Blore,fblorefu@comcast.net,Teeli,Russia,Inactive
571,Freeman,Blore,fblorefu@comcast.net,Welibo,Indonesia,Active
571,Freeman,Blore,fblorefu@comcast.net,Västerås,Sweden,Active
571,Freeman,Blore,fblorefu@comcast.net,Dongtuan,China,Active
572,Hardy,Studdert,hstuddertfv@flavors.me,Miragoâne,Haiti,Inactive
572,Hardy,Studdert,hstuddertfv@flavors.me,Ulme,Portugal,Active
573,Marlin,Tackle,mtacklefw@mit.edu,Gaomi,China,Active
573,Marlin,Tackle,mtacklefw@mit.edu,Cruces,Cuba,Active
574,Shermy,Pauls,spaulsfx@google.pl,Dalgān,Iran,Active
575,Ilise,Byfford,ibyffordfy@ebay.com,Glendale,United States of America,Active
576,Fiona,Elderbrant,felderbrantfz@163.com,Hongxing,China,Active
577,Dicky,Hof,dhofg0@tumblr.com,Izumo,Japan,Inactive
577,Dicky,Hof,dhofg0@tumblr.com,Murillo,Colombia,Active
578,Lynea,Matskevich,lmatskevichg1@japanpost.jp,Huayuan,China,Active
578,Lynea,Matskevich,lmatskevichg1@japanpost.jp,Hekou,China,Inactive
578,Lynea,Matskevich,lmatskevichg1@japanpost.jp,Orita Eruwa,Nigeria,Inactive
578,Lynea,Matskevich,lmatskevichg1@japanpost.jp,Kimovsk,Russia,Active
579,Bennie,Trigg,btriggg2@stanford.edu,Frederico Westphalen,Brazil,Active
580,Maighdiln,Damiral,mdamiralg3@google.com.hk,Zhouzhuang,China,Active
581,Robyn,Westpfel,rwestpfelg4@blogtalkradio.com,Kebonagung,Indonesia,Active
581,Robyn,Westpfel,rwestpfelg4@blogtalkradio.com,Gucheng,China,Active
582,Roseann,Utridge,rutridgeg5@free.fr,Tadou,China,Active
583,Aprilette,Winborn,awinborng6@kickstarter.com,Hengpi,China,Active
584,Iolanthe,Alliot,ialliotg7@naver.com,Grand Forks,United States of America,Active
585,Leoline,Colrein,lcolreing8@europa.eu,Kuragaki-kosugi,Japan,Active
586,Harrie,Malt,hmaltg9@walmart.com,Balogo,Philippines,Active
587,Puff,Owthwaite,powthwaitega@xing.com,Junchuan,China,Active
587,Puff,Owthwaite,powthwaitega@xing.com,Bokor,Indonesia,Active
588,Rock,Collyns,rcollynsgb@washington.edu,Besisahar,Nepal,Active
588,Rock,Collyns,rcollynsgb@washington.edu,Wakimachi,Japan,Inactive
589,Aldridge,Sharrier,asharriergc@clickbank.net,Maych’ew,Ethiopia,Active
590,Josephina,Bunson,jbunsongd@biglobe.ne.jp,Wujing,China,Active
590,Josephina,Bunson,jbunsongd@biglobe.ne.jp,Pueblo Nuevo,Peru,Active
591,Wain,Michel,wmichelge@samsung.com,Shaghat,Armenia,Active
592,Staford,Antognazzi,santognazzigf@chronoengine.com,Soa,Indonesia,Active
592,Staford,Antognazzi,santognazzigf@chronoengine.com,Cheb,Czech Republic,Active
593,Lorita,Ouldred,louldredgg@wordpress.org,Taoyuan,China,Active
593,Lorita,Ouldred,louldredgg@wordpress.org,Lubniewice,Poland,Active
594,Derek,Schober,dschobergh@networksolutions.com,Velikiye Luki,Russia,Inactive
594,Derek,Schober,dschobergh@networksolutions.com,Solntsevo,Russia,Active
594,Derek,Schober,dschobergh@networksolutions.com,Taloqan,Afghanistan,Active
594,Derek,Schober,dschobergh@networksolutions.com,Jinshi,China,Active
595,Pearl,Nutbeem,pnutbeemgi@sitemeter.com,Halmstad,Sweden,Active
596,Gerianna,Valente,gvalentegj@wunderground.com,,,
597,Patty,O'Rudden,poruddengk@ted.com,,,
598,Paxton,Baroux,pbarouxgl@free.fr,,,
599,Jamesy,Scandred,jscandredgm@imdb.com,,,
600,Sallee,Heaviside,sheavisidegn@oakley.com,,,
601,Kerry,Pepis,kpepisgo@163.com,,,
602,Wat,Probart,wprobartgp@prlog.org,,,
603,Craig,Graine,cgrainegq@altervista.org,,,
604,Agace,MacKinnon,amackinnongr@live.com,,,
605,Clayborn,Greenfield,cgreenfieldgs@stumbleupon.com,,,
606,Neall,Fligg,nfligggt@1688.com,,,
607,Rosetta,Clegg,rclegggu@skyrock.com,,,
608,Sigismondo,Collicott,scollicottgv@youtu.be,,,
609,Isadora,Kittoe,ikittoegw@biblegateway.com,,,
610,Regan,Athersmith,rathersmithgx@newyorker.com,,,
611,Grantley,Sanderson,gsandersongy@bloglines.com,,,
612,Gerianna,Vinecombe,gvinecombegz@admin.ch,,,
613,Lorne,Blaney,lblaneyh0@trellian.com,,,
614,Thorstein,Crufts,tcruftsh1@yahoo.com,,,
615,Mamie,Weathers,mweathersh2@simplemachines.org,,,
616,Culver,Seys,cseysh3@tiny.cc,,,
617,Valentine,Fonteyne,vfonteyneh4@livejournal.com,,,
618,Melissa,Capoun,mcapounh5@illinois.edu,,,
619,Craig,D'Acth,cdacthh6@jigsy.com,,,
620,Salomone,Rummin,srumminh7@opera.com,,,
621,Keely,Ferebee,kferebeeh8@senate.gov,,,
622,Alisa,Normanell,anormanellh9@bluehost.com,,,
623,Frederik,Dasent,fdasentha@rakuten.co.jp,,,
624,Sidonnie,Bartel,sbartelhb@plala.or.jp,,,
625,Merwyn,Marshallsay,mmarshallsayhc@bloglines.com,,,
626,Audy,Dods,adodshd@fema.gov,,,
627,Ellerey,Mucklestone,emucklestonehe@domainmarket.com,,,
628,Carey,Paolini,cpaolinihf@admin.ch,,,
629,Nicko,Coppard,ncoppardhg@loc.gov,,,
630,Tarrah,Tullot,ttullothh@aboutads.info,,,
631,Dare,Danelut,ddaneluthi@amazon.co.jp,,,
632,Zarah,Huerta,zhuertahj@goo.gl,,,
633,Pierette,Duplain,pduplainhk@netscape.com,,,
634,Robinet,Bailey,rbaileyhl@state.tx.us,,,
635,Andonis,Roswarne,aroswarnehm@sbwire.com,,,
636,Gill,Summerfield,gsummerfieldhn@canalblog.com,,,
637,Dina,Angelini,dangeliniho@tripadvisor.com,,,
638,Halimeda,Briant,hbrianthp@scribd.com,,,
639,Joela,Liptrot,jliptrothq@over-blog.com,,,
640,Conrade,Kollatsch,ckollatschhr@is.gd,,,
641,Kendell,Aldis,kaldishs@naver.com,,,
642,Ky,Mitchiner,kmitchinerht@europa.eu,,,
643,Kate,Vaughn,kvaughnhu@upenn.edu,,,
644,Ferne,Dalbey,fdalbeyhv@examiner.com,,,
645,Rena,Hentze,rhentzehw@plala.or.jp,,,
646,Grantley,Clyburn,gclyburnhx@house.gov,,,
647,Claudio,Woan,cwoanhy@nytimes.com,,,
648,Tessie,Sleigh,tsleighhz@ftc.gov,,,
649,Clair,Heaysman,cheaysmani0@netvibes.com,,,
650,Reuben,Usher,rusheri1@nps.gov,,,
651,Dorie,Burkinshaw,dburkinshawi2@skype.com,,,
652,Cornie,Banthorpe,cbanthorpei3@elegantthemes.com,,,
653,Ricardo,Silber,rsilberi4@wikimedia.org,,,
654,Cecile,Hrinishin,chrinishini5@newsvine.com,,,
655,Nita,Robinet,nrobineti6@bravesites.com,,,
656,Ahmad,Skittrell,askittrelli7@microsoft.com,,,
657,Sven,Decent,sdecenti8@usda.gov,,,
658,Yankee,Kremer,ykremeri9@google.pl,,,
659,Tobey,Vallens,tvallensia@mapquest.com,,,
660,Pamela,Cham,pchamib@exblog.jp,,,
661,Parke,Grinham,pgrinhamic@soundcloud.com,,,
662,Normand,Muldoon,nmuldoonid@wix.com,,,
663,Teodoro,Thraves,tthravesie@google.de,,,
664,Mirilla,Hexum,mhexumif@twitpic.com,,,
665,Pip,Depper,pdepperig@tmall.com,,,
666,Adriane,Kays,akaysih@amazon.de,,,
667,Spence,Crier,scrierii@tumblr.com,,,
668,Juliana,Tribell,jtribellij@prlog.org,,,
669,Annemarie,Musterd,amusterdik@europa.eu,,,
670,Louisette,Brattan,lbrattanil@salon.com,,,
671,Ronica,Possell,rpossellim@constantcontact.com,,,
672,Hardy,Dundendale,hdundendalein@fotki.com,,,
673,Fran,Valero,fvaleroio@tmall.com,,,
674,Horace,Craske,hcraskeip@ameblo.jp,,,
675,Dore,Edington,dedingtoniq@bluehost.com,,,
676,Jasen,Chansonnau,jchansonnauir@wikispaces.com,,,
677,Nial,Giraux,ngirauxis@nationalgeographic.com,,,
678,Raeann,Doole,rdooleit@wired.com,,,
679,Benetta,Bussell,bbusselliu@wp.com,,,
680,Granville,Cluff,gcluffiv@virginia.edu,,,
681,Vivi,Lightman,vlightmaniw@flickr.com,,,
682,Vonny,Edmondson,vedmondsonix@seesaa.net,,,
683,Archibaldo,Bustin,abustiniy@java.com,,,
684,Emma,Samweyes,esamweyesiz@addtoany.com,,,
685,Sly,Botham,sbothamj0@dell.com,,,
686,Rubie,Lauks,rlauksj1@vkontakte.ru,,,
687,Kennett,Ambroisin,kambroisinj2@ft.com,,,
688,Gloriane,Bowe,gbowej3@webs.com,,,
689,Aube,Woodroff,awoodroffj4@dagondesign.com,,,
690,Marty,Gatheridge,mgatheridgej5@bandcamp.com,,,
691,Raynell,Stoneley,rstoneleyj6@slideshare.net,,,
692,Appolonia,Czyz,aczyzj7@buzzfeed.com,,,
693,Marj,Brisse,mbrissej8@addthis.com,,,
694,Abel,Trower,atrowerj9@ucoz.ru,,,
695,Lucia,Fearon,lfearonja@bloglines.com,,,
696,Barri,Loughton,bloughtonjb@artisteer.com,,,
697,Eda,Garrish,egarrishjc@reuters.com,,,
698,Hymie,Kulis,hkulisjd@gizmodo.com,,,
699,Franky,Downie,fdownieje@weebly.com,,,
700,Shamus,Othick,sothickjf@apache.org,,,
701,Burlie,Richmond,brichmondjg@shareasale.com,,,
702,Mag,Dring,mdringjh@cbc.ca,,,
703,Oralee,Melesk,omeleskji@bizjournals.com,,,
704,Moe,Gerkens,mgerkensjj@g.co,,,
705,Ginnifer,Elvidge,gelvidgejk@cbc.ca,,,
706,Martin,Lidgley,mlidgleyjl@amazon.com,,,
707,Nertie,Beautyman,nbeautymanjm@cnet.com,,,
708,Allianora,Boerder,aboerderjn@myspace.com,,,
709,Hermia,Donnelly,hdonnellyjo@google.com.au,,,
710,Jewel,Jarnell,jjarnelljp@army.mil,,,
711,Ardella,Walley,awalleyjq@hexun.com,,,
712,Penni,Nobriga,pnobrigajr@exblog.jp,,,
713,Harlin,Passfield,hpassfieldjs@yahoo.com,,,
714,Kilian,Mayer,kmayerjt@unc.edu,,,
715,Dulcy,Thrush,dthrushju@edublogs.org,,,
716,Addison,Sigg,asiggjv@goo.gl,,,
717,Wilhelm,Loosley,wloosleyjw@phoca.cz,,,
718,Derick,Casella,dcasellajx@hostgator.com,,,
719,Jeffry,Spohrmann,jspohrmannjy@homestead.com,,,
720,Bryan,Ansett,bansettjz@weebly.com,,,
721,Edita,Bardwell,ebardwellk0@accuweather.com,,,
722,Moshe,Shayler,mshaylerk1@mac.com,,,
723,Netty,Dinnage,ndinnagek2@oaic.gov.au,,,
724,Oren,Crecy,ocrecyk3@telegraph.co.uk,,,
725,Ive,Jachimiak,ijachimiakk4@toplist.cz,,,
726,Maurine,Jahns,mjahnsk5@alexa.com,,,
727,Derrek,Pellman,dpellmank6@pinterest.com,,,
728,Hayyim,de la Tremoille,hdelatremoillek7@netvibes.com,,,
729,Jackqueline,Sidnell,jsidnellk8@answers.com,,,
730,Ramsey,Snaden,rsnadenk9@ebay.co.uk,,,
731,Roxanna,Burchmore,rburchmoreka@boston.com,,,
732,Randa,Punyer,rpunyerkb@deliciousdays.com,,,
733,Aguste,Alleburton,aalleburtonkc@yellowbook.com,,,
734,Harriot,Korpolak,hkorpolakkd@nih.gov,,,
735,Sue,Bohlin,sbohlinke@mapy.cz,,,
736,Oran,Feirn,ofeirnkf@dropbox.com,,,
737,Carmine,Sporton,csportonkg@craigslist.org,,,
738,Nancie,Naper,nnaperkh@artisteer.com,,,
739,Serena,Prudence,sprudenceki@about.com,,,
740,Craggie,Othick,cothickkj@engadget.com,,,
741,Orsa,Lotwich,olotwichkk@desdev.cn,,,
742,Rosmunda,Quaife,rquaifekl@ifeng.com,,,
743,Curr,Lansberry,clansberrykm@cocolog-nifty.com,,,
744,Nels,Antrag,nantragkn@sphinn.com,,,
745,Florance,Cullingford,fcullingfordko@youtube.com,,,
746,Nady,Portman,nportmankp@unblog.fr,,,
747,Sileas,Mattingly,smattinglykq@eepurl.com,,,
748,Ritchie,Whittet,rwhittetkr@odnoklassniki.ru,,,
749,Rancell,Colyer,rcolyerks@hexun.com,,,
750,Othella,Khan,okhankt@about.com,,,
751,Lynnett,Heaffey,lheaffeyku@telegraph.co.uk,,,
752,Seline,Waghorne,swaghornekv@parallels.com,,,
753,Horst,Van Der Hoog,hvanderhoogkw@weebly.com,,,
754,Kalvin,Wasiel,kwasielkx@amazon.com,,,
755,Pearline,Dreamer,pdreamerky@alexa.com,,,
756,Katleen,Kyston,kkystonkz@chronoengine.com,,,
757,Tyrus,Seiler,tseilerl0@biglobe.ne.jp,,,
758,Shannah,Norcliffe,snorcliffel1@soundcloud.com,,,
759,Konstance,Vynarde,kvynardel2@nifty.com,,,
760,Lacey,Woolbrook,lwoolbrookl3@slideshare.net,,,
761,Veradis,Fulk,vfulkl4@elegantthemes.com,,,
762,Leonard,Fullerlove,lfullerlovel5@comcast.net,,,
763,Lauri,Oldrey,loldreyl6@ucla.edu,,,
764,Giuditta,Giorgetti,ggiorgettil7@state.gov,,,
765,Cyrillus,Claisse,cclaissel8@narod.ru,,,
766,Goldia,Malia,gmalial9@parallels.com,,,
767,Lynette,Hucke,lhuckela@com.com,,,
768,Traver,Bumpus,tbumpuslb@mashable.com,,,
769,Tull,Jansens,tjansenslc@ameblo.jp,,,
770,Anabel,Poon,apoonld@google.es,,,
771,Adair,Frome,afromele@1688.com,,,
772,Tybalt,McOwen,tmcowenlf@storify.com,,,
773,Louie,Winckle,lwincklelg@shop-pro.jp,,,
774,Brock,Pietersen,bpietersenlh@independent.co.uk,,,
775,Donavon,Jatczak,djatczakli@google.com.hk,,,
776,Maurizia,Hartshorne,mhartshornelj@deliciousdays.com,,,
777,Meade,Ohms,mohmslk@bloomberg.com,,,
778,Nathan,Haggith,nhaggithll@ifeng.com,,,
779,Kaitlin,Traher,ktraherlm@yelp.com,,,
780,Dore,Franchi,dfranchiln@edublogs.org,,,
781,Leonerd,Cannon,lcannonlo@ucsd.edu,,,
782,Myrtie,Iuorio,miuoriolp@oakley.com,,,
783,Maia,Hedgeley,mhedgeleylq@fda.gov,,,
784,Lanie,Allbon,lallbonlr@house.gov,,,
785,Harley,Carnew,hcarnewls@angelfire.com,,,
786,Emmy,Palfrey,epalfreylt@twitter.com,,,
787,Harlen,Darkins,hdarkinslu@desdev.cn,,,
788,Carlotta,Baccus,cbaccuslv@dion.ne.jp,,,
789,Mano,Wilkinson,mwilkinsonlw@census.gov,,,
790,Svend,Hamnett,shamnettlx@barnesandnoble.com,,,
791,Pauli,Forrestill,pforrestillly@shutterfly.com,,,
792,Hadley,Aikin,haikinlz@ning.com,,,
793,Harland,Brands,hbrandsm0@businesswire.com,,,
794,Karolina,Varran,kvarranm1@blinklist.com,,,
795,June,Eustice,jeusticem2@java.com,,,
796,Noel,Firmage,nfirmagem3@sourceforge.net,,,
797,Sarene,McLurg,smclurgm4@edublogs.org,,,
798,Ursula,Peniman,upenimanm5@prweb.com,,,
799,Meara,Lindroos,mlindroosm6@mashable.com,,,
800,Henrietta,Humbie,hhumbiem7@google.co.jp,,,
801,Nester,Klaessen,nklaessenm8@bloglines.com,,,
802,Ethelyn,Shambrook,eshambrookm9@salon.com,,,
803,Fifine,Kinworthy,fkinworthyma@studiopress.com,,,
804,Elinor,McCrudden,emccruddenmb@about.me,,,
805,Agnes,Dunnico,adunnicomc@independent.co.uk,,,
806,Gwyn,Cathcart,gcathcartmd@histats.com,,,
807,Wilfrid,Curee,wcureeme@japanpost.jp,,,
808,Ondrea,Haversham,ohavershammf@ibm.com,,,
809,Kristoffer,Lintot,klintotmg@exblog.jp,,,
810,Mickie,Chinge de Hals,mchingedehalsmh@themeforest.net,,,
811,Flore,Fateley,ffateleymi@gov.uk,,,
812,Cullin,Fransseni,cfranssenimj@histats.com,,,
813,Abigael,Trowbridge,atrowbridgemk@meetup.com,,,
814,Clerc,Midghall,cmidghallml@163.com,,,
815,Franciska,Zamboniari,fzamboniarimm@opensource.org,,,
816,Chuck,Felkin,cfelkinmn@guardian.co.uk,,,
817,Hugues,Verry,hverrymo@sourceforge.net,,,
818,Chrissy,Lydiate,clydiatemp@msu.edu,,,
819,Jinny,Tomblings,jtomblingsmq@illinois.edu,,,
820,Benji,Lowen,blowenmr@chron.com,,,
821,Doretta,Eilhertsen,deilhertsenms@forbes.com,,,
822,Merill,Sparkwell,msparkwellmt@shareasale.com,,,
823,Ursola,Rumbelow,urumbelowmu@prweb.com,,,
824,Kinna,Georgelin,kgeorgelinmv@deviantart.com,,,
825,Carolan,Pratten,cprattenmw@cyberchimps.com,,,
826,Merrily,Feltoe,mfeltoemx@nih.gov,,,
827,Zacharia,Georg,zgeorgmy@angelfire.com,,,
828,Cletus,Anfonsi,canfonsimz@blogger.com,,,
829,Bartholomew,Yurukhin,byurukhinn0@infoseek.co.jp,,,
830,Gian,Penburton,gpenburtonn1@sitemeter.com,,,
831,Darbee,Kalvin,dkalvinn2@prnewswire.com,,,
832,Cad,Yanshin,cyanshinn3@pen.io,,,
833,Clem,McAloren,cmcalorenn4@geocities.jp,,,
834,Thibaud,Bangle,tbanglen5@illinois.edu,,,
835,Beverie,Barden,bbardenn6@addthis.com,,,
836,Mic,Stoffler,mstofflern7@hexun.com,,,
837,Crista,Casella,ccasellan8@bing.com,,,
838,Faythe,Laker,flakern9@nationalgeographic.com,,,
839,Melisenda,Kendred,mkendredna@slashdot.org,,,
840,Benedicto,Haddinton,bhaddintonnb@purevolume.com,,,
841,Bria,Gotfrey,bgotfreync@shareasale.com,,,
842,Lance,Boddis,lboddisnd@over-blog.com,,,
843,Karen,Bartholin,kbartholinne@goo.ne.jp,,,
844,Ardeen,Percifull,apercifullnf@archive.org,,,
845,Cesaro,Oglethorpe,coglethorpeng@icio.us,,,
846,Godart,Newstead,gnewsteadnh@mediafire.com,,,
847,Cleon,Duffell,cduffellni@1688.com,,,
848,Adele,Bromehead,abromeheadnj@unblog.fr,,,
849,Zak,Rizzardi,zrizzardink@mediafire.com,,,
850,Inna,Burke,iburkenl@exblog.jp,,,
851,Carlin,Malinowski,cmalinowskinm@canalblog.com,,,
852,Lia,Cleaton,lcleatonnn@yelp.com,,,
853,Nissa,Santora,nsantorano@drupal.org,,,
854,Costa,Alennikov,calennikovnp@artisteer.com,,,
855,Ike,Nunns,inunnsnq@cbslocal.com,,,
856,Vanda,McGreil,vmcgreilnr@slideshare.net,,,
857,Joshuah,Benit,jbenitns@livejournal.com,,,
858,Othelia,Drabble,odrabblent@yelp.com,,,
859,Arabelle,Pillinger,apillingernu@scribd.com,,,
860,Conan,Vaune,cvaunenv@upenn.edu,,,
861,Cedric,Edwin,cedwinnw@va.gov,,,
862,Dyana,Hows,dhowsnx@acquirethisname.com,,,
863,Wally,Hartup,whartupny@harvard.edu,,,
864,Orv,Bottelstone,obottelstonenz@a8.net,,,
865,Briana,Featonby,bfeatonbyo0@cbsnews.com,,,
866,Garey,Krochmann,gkrochmanno1@baidu.com,,,
867,Patin,Casaletto,pcasalettoo2@globo.com,,,
868,Gilligan,Duffin,gduffino3@sina.com.cn,,,
869,Bobbee,Pellant,bpellanto4@baidu.com,,,
870,Florette,Sobczak,fsobczako5@people.com.cn,,,
871,Hayward,Dymoke,hdymokeo6@surveymonkey.com,,,
872,Crosby,Corden,ccordeno7@businessinsider.com,,,
873,Neel,Bonny,nbonnyo8@indiatimes.com,,,
874,Cordy,Dumbarton,cdumbartono9@xinhuanet.com,,,
875,Kippar,Casaroli,kcasarolioa@skype.com,,,
876,Brandi,Lyon,blyonob@guardian.co.uk,,,
877,Karola,Hellin,khellinoc@drupal.org,,,
878,Calhoun,Mecchi,cmecchiod@google.ca,,,
879,Amy,Jaynes,ajaynesoe@uiuc.edu,,,
880,Kingston,Seiler,kseilerof@forbes.com,,,
881,Latisha,Harbord,lharbordog@google.com.au,,,
882,Elna,Hawtin,ehawtinoh@auda.org.au,,,
883,Roxy,Cotton,rcottonoi@booking.com,,,
884,Zebadiah,Bulcroft,zbulcroftoj@fastcompany.com,,,
885,Ingunna,Matschuk,imatschukok@facebook.com,,,
886,Rubina,Summerlie,rsummerlieol@foxnews.com,,,
887,Malina,Johnson,mjohnsonom@goo.gl,,,
888,Waylin,Skuce,wskuceon@shutterfly.com,,,
889,Farrell,Cabrera,fcabreraoo@freewebs.com,,,
890,Ninon,Duesberry,nduesberryop@hostgator.com,,,
891,Alvis,Atkirk,aatkirkoq@vk.com,,,
892,Lek,Perryman,lperrymanor@ning.com,,,
893,Malissa,Bolesworth,mbolesworthos@discuz.net,,,
894,Ezekiel,Masi,emasiot@reference.com,,,
895,Fidela,Caro,fcaroou@eepurl.com,,,
896,Tim,Matterson,tmattersonov@cdc.gov,,,
897,Odelinda,Ruppel,oruppelow@prweb.com,,,
898,Nixie,Musk,nmuskox@mapquest.com,,,
899,Austen,Alyutin,aalyutinoy@scribd.com,,,
900,Bernete,Purle,bpurleoz@sciencedirect.com,,,
901,Jemie,Redmille,jredmillep0@cnet.com,,,
902,Corby,Mattsson,cmattssonp1@elegantthemes.com,,,
903,Tessi,Carbin,tcarbinp2@oaic.gov.au,,,
904,Florie,Laurencot,flaurencotp3@cnn.com,,,
905,Murial,Firmager,mfirmagerp4@marriott.com,,,
906,Mollee,Silk,msilkp5@ox.ac.uk,,,
907,Kevin,Wheway,kwhewayp6@google.com.hk,,,
908,Griffie,Toombes,gtoombesp7@123-reg.co.uk,,,
909,Trenton,Spenceley,tspenceleyp8@dot.gov,,,
910,Giuseppe,Saull,gsaullp9@bigcartel.com,,,
911,Hope,Norquoy,hnorquoypa@meetup.com,,,
912,Brigit,Pettipher,bpettipherpb@mapy.cz,,,
913,Shoshanna,Simioli,ssimiolipc@amazon.co.jp,,,
914,Ivar,Corona,icoronapd@joomla.org,,,
915,Elnore,Ginty,egintype@yellowbook.com,,,
916,Cyrillus,Phelip,cphelippf@aboutads.info,,,
917,Roda,Chetwind,rchetwindpg@hatena.ne.jp,,,
918,Sergei,Matokhnin,smatokhninph@squarespace.com,,,
919,Lyndsie,Cosgrave,lcosgravepi@harvard.edu,,,
920,Ellette,Riccio,ericciopj@foxnews.com,,,
921,Eugenie,Ahearne,eahearnepk@paypal.com,,,
922,Christan,Hannah,channahpl@tripadvisor.com,,,
923,Romy,Burridge,rburridgepm@surveymonkey.com,,,
924,Mavra,McAlpine,mmcalpinepn@toplist.cz,,,
925,Edee,Willoughby,ewilloughbypo@google.co.jp,,,
926,Hallsy,Goodings,hgoodingspp@wired.com,,,
927,Gaby,Olley,golleypq@hubpages.com,,,
928,Liam,Chazotte,lchazottepr@thetimes.co.uk,,,
929,Beatrix,Deveraux,bdeverauxps@va.gov,,,
930,Ashby,Strong,astrongpt@mit.edu,,,
931,Donovan,Weinmann,dweinmannpu@hp.com,,,
932,Lief,Cockram,lcockrampv@globo.com,,,
933,Lou,Stenett,lstenettpw@netlog.com,,,
934,Ivan,Orpyne,iorpynepx@theatlantic.com,,,
935,Kira,Lethbury,klethburypy@dedecms.com,,,
936,Elmore,Peyto,epeytopz@github.io,,,
937,Jackquelin,Schulkins,jschulkinsq0@wix.com,,,
938,Courtnay,Scales,cscalesq1@stumbleupon.com,,,
939,Ora,Lyttle,olyttleq2@altervista.org,,,
940,Sibylla,Vittet,svittetq3@bbb.org,,,
941,Fanechka,McTague,fmctagueq4@pcworld.com,,,
942,Dulcinea,Polak,dpolakq5@loc.gov,,,
943,Prescott,Revie,previeq6@amazonaws.com,,,
944,Gwenore,Irving,girvingq7@prlog.org,,,
945,Lars,Sambiedge,lsambiedgeq8@g.co,,,
946,Nolie,Boich,nboichq9@cbc.ca,,,
947,Marcelline,Fridd,mfriddqa@liveinternet.ru,,,
948,Avrit,Rockall,arockallqb@slideshare.net,,,
949,Carlyle,Storey,cstoreyqc@wikispaces.com,,,
950,Risa,Adam,radamqd@chicagotribune.com,,,
951,Wilma,MacGorrie,wmacgorrieqe@nba.com,,,
952,Cosmo,Hendrix,chendrixqf@stanford.edu,,,
953,Emmi,Wassell,ewassellqg@apple.com,,,
954,Lynea,Mattam,lmattamqh@hhs.gov,,,
955,Mercedes,Gorger,mgorgerqi@bizjournals.com,,,
956,Nelli,Provest,nprovestqj@youku.com,,,
957,Danyette,Lilley,dlilleyqk@mlb.com,,,
958,Munmro,Morling,mmorlingql@eepurl.com,,,
959,Aron,Nixon,anixonqm@about.com,,,
960,Lester,Pedden,lpeddenqn@apache.org,,,
961,Carilyn,Tixier,ctixierqo@globo.com,,,
962,Nikaniki,Openshaw,nopenshawqp@cbsnews.com,,,
963,Pearla,Caze,pcazeqq@stanford.edu,,,
964,Wallache,Beake,wbeakeqr@ibm.com,,,
965,Marcelle,Dench,mdenchqs@nydailynews.com,,,
966,Merrick,Bramble,mbrambleqt@symantec.com,,,
967,Nanette,Elphinstone,nelphinstonequ@fc2.com,,,
968,Gram,Lavelle,glavelleqv@yale.edu,,,
969,Luciano,McAviy,lmcaviyqw@issuu.com,,,
970,Dorise,Allmen,dallmenqx@wikispaces.com,,,
971,Hagen,Claiden,hclaidenqy@marriott.com,,,
972,Dionysus,Ropking,dropkingqz@redcross.org,,,
973,Nikolia,Southcott,nsouthcottr0@simplemachines.org,,,
974,Aviva,Oxnam,aoxnamr1@deviantart.com,,,
975,Engracia,Odgaard,eodgaardr2@unesco.org,,,
976,Janel,Inworth,jinworthr3@wikispaces.com,,,
977,Karolina,Gresswood,kgresswoodr4@cargocollective.com,,,
978,Traci,Vanyashin,tvanyashinr5@posterous.com,,,
979,Danell,Mace,dmacer6@clickbank.net,,,
980,Nolana,Sweetsur,nsweetsurr7@youtu.be,,,
981,Johan,Chastelain,jchastelainr8@biglobe.ne.jp,,,
982,Analise,Sullivan,asullivanr9@tinypic.com,,,
983,Wash,Uttridge,wuttridgera@nasa.gov,,,
984,Berty,Illwell,billwellrb@networkadvertising.org,,,
985,Bank,Kiddle,bkiddlerc@virginia.edu,,,
986,Carmela,Jarvie,cjarvierd@princeton.edu,,,
987,Madelina,Scougal,mscougalre@wired.com,,,
988,Petra,Lickorish,plickorishrf@amazon.com,,,
989,Emmalynne,Van der Veldt,evanderveldtrg@networkadvertising.org,,,
990,Kermy,Elton,keltonrh@sun.com,,,
991,Ingram,Mazzey,imazzeyri@pen.io,,,
992,Kevina,Brahm,kbrahmrj@posterous.com,,,
993,Rasia,Edland,redlandrk@quantcast.com,,,
994,Archibold,MacNab,amacnabrl@nih.gov,,,
995,Marlee,Vause,mvauserm@discovery.com,,,
996,Kare,Rein,kreinrn@seattletimes.com,,,
997,Phaedra,Moresby,pmoresbyro@desdev.cn,,,
998,Forbes,Rattrie,frattrierp@foxnews.com,,,
999,Gus,Willavoys,gwillavoysrq@deliciousdays.com,,,
1000,Fanechka,Bartomeu,fbartomeurr@washington.edu,,,
